,HeartRate
0,65.32153
1,64.5518
2,63.628735
3,64.73115
4,65.61589
5,65.35737
6,65.81282
7,71.592636
8,71.464355
9,69.45945
10,65.11696
11,64.83993
12,64.17364
13,64.74325
14,70.49693
15,73.389915
16,73.03761
17,72.29847
18,72.75399
19,71.877144
20,71.72817
21,71.96073
22,74.80813
23,72.601685
24,71.69072
25,71.458916
26,70.61779
27,69.28062
28,68.450294
29,69.477356
30,70.66448
31,69.45019
32,67.1134
33,67.23143
34,65.49699
35,65.52371
36,66.408035
37,66.8477
38,66.12687
39,65.31967
40,65.068596
41,70.30333
42,71.300514
43,70.72212
44,70.37701
45,65.78948
46,67.09591
47,69.90157
48,71.17743
49,72.23422
50,69.30464
51,66.316505
52,66.42423
53,66.699295
54,66.08368
55,67.11751
56,69.94423
57,69.7553
58,68.13119
59,66.84888
60,68.61377
61,66.50182
62,66.04069
63,70.71595
64,68.928444
65,67.466736
66,68.9538
67,68.95283
68,69.13078
69,69.914276
70,70.21193
71,69.54899
72,68.53998
73,67.84332
74,68.373535
75,67.39785
76,66.755104
77,66.83127
78,67.26394
79,71.644104
80,73.12381
81,74.49093
82,67.79478
83,68.749466
84,70.68814
85,69.032295
86,69.56391
87,70.06153
88,70.621346
89,73.097305
90,74.9306
91,72.53289
92,72.77405
93,72.48273
94,71.78178
95,69.230385
96,68.1063
97,68.01741
98,67.68969
99,68.96406
100,74.185165
101,77.32584
102,77.10466
103,74.66819
104,73.11459
105,72.789856
106,73.76652
107,74.10881
108,70.33959
109,71.15105
110,71.382675
111,71.7287
112,73.19637
113,74.147
114,75.58899
115,76.00075
116,76.32565
117,77.31036
118,78.38526
119,79.49727
120,80.85923
121,80.7722
122,74.49089
123,74.605995
124,74.885635
125,72.36878
126,70.30381
127,69.17936
128,69.04957
129,67.49436
130,67.08565
131,67.181366
132,66.504684
133,68.97767
134,70.88088
135,74.75062
136,76.30252
137,75.707695
138,75.04133
139,73.9785
140,69.82596
141,69.504395
142,67.89655
143,69.09169
144,68.88851
145,68.753075
146,68.44612
147,66.88106
148,67.16767
149,68.309135
150,67.961174
151,66.96977
152,66.87976
153,66.62882
154,66.3405
155,66.5617
156,66.371254
157,64.52256
158,64.58686
159,64.278206
160,64.49252
161,64.91655
162,63.26993
163,62.915024
164,63.386757
165,63.32968
166,64.98213
167,63.294155
168,63.11756
169,63.506855
170,64.005455
171,63.731674
172,67.14411
173,66.847725
174,63.745567
175,64.66923
176,67.043304
177,65.99275
178,64.131
179,63.65628
180,62.84228
181,62.3957
182,64.16127
183,63.539455
184,64.79794
185,66.265236
186,64.63498
187,63.88714
188,63.48782
189,64.457275
190,64.5415
191,63.854183
192,64.38395
193,63.561924
194,64.810524
195,67.021225
196,68.003204
197,67.34335
198,67.4662
199,65.53497
200,64.75056
201,67.055984
202,67.882515
203,66.13843
204,64.90698
205,66.1987
206,65.21274
207,63.563675
208,64.24749
209,65.69086
210,66.75384
211,64.63764
212,65.876335
213,65.60079
214,66.18462
215,64.39403
216,63.568283
217,64.67854
218,65.01055
219,65.5253
220,64.84596
221,63.41236
222,63.63367
223,63.45638
224,62.97592
225,62.93877
226,64.1105
227,64.76353
228,64.445915
229,64.82137
230,68.10947
231,64.96458
232,63.633514
233,63.296387
234,63.563496
235,64.27592
236,67.25459
237,63.24925
238,64.413
239,68.712776
240,63.154385
241,63.353687
242,63.04478
243,62.479733
244,63.67921
245,65.246506
246,65.94299
247,65.04935
248,68.02626
249,68.138435
250,67.181526
251,67.185165
252,65.55449
253,65.29627
254,66.55171
255,66.088425
256,66.20738
257,68.27881
258,69.56868
259,71.70377
260,65.90217
261,65.1392
262,65.15864
263,66.51692
264,65.617386
265,65.68698
266,66.015236
267,67.24097
268,68.982216
269,70.82378
270,68.36425
271,64.269356
272,63.826614
273,64.628006
274,67.16627
275,67.84973
276,72.7656
277,75.765465
278,69.70387
279,67.96292
280,70.771935
281,72.75641
282,69.54819
283,67.419235
284,67.38314
285,67.10452
286,64.59071
287,64.02147
288,63.703083
289,64.120865
290,65.18704
291,66.857666
292,66.63235
293,65.64732
294,66.744804
295,68.57021
296,63.732204
297,62.787704
298,64.346954
299,65.72567
300,68.36179
301,63.64596
302,63.898693
303,63.469124
304,63.23892
305,65.986664
306,69.038925
307,71.739174
308,72.556725
309,72.19036
310,67.24406
311,65.80717
312,65.15494
313,68.78997
314,70.088234
315,71.73493
316,74.2195
317,76.27848
318,68.92427
319,68.47265
320,67.725784
321,66.42239
322,67.68635
323,69.35311
324,72.74824
325,72.49744
326,69.732056
327,70.0113
328,71.56241
329,71.51539
330,71.73152
331,70.31846
332,74.00116
333,67.1323
334,67.08528
335,69.607475
336,70.87702
337,70.150215
338,67.63893
339,70.278625
340,69.54011
341,72.66458
342,74.2983
343,68.13269
344,67.533615
345,67.89288
346,68.61617
347,68.29964
348,68.146706
349,68.96501
350,69.764084
351,71.9707
352,74.13847
353,72.403854
354,70.228195
355,71.03875
356,69.67986
357,68.03921
358,68.50712
359,74.79784
360,74.07465
361,71.742424
362,70.95823
363,71.41879
364,71.93435
365,69.07355
366,69.661934
367,71.759796
368,70.478195
369,74.04806
370,73.97673
371,72.8177
372,71.361664
373,70.33913
374,69.92278
375,71.52388
376,71.47305
377,71.61002
378,73.29642
379,71.84056
380,68.14441
381,67.54641
382,67.30605
383,68.07981
384,69.8751
385,67.27645
386,67.03901
387,66.83683
388,66.689384
389,66.65959
390,66.775665
391,67.6171
392,73.45665
393,71.74135
394,72.94303
395,73.883385
396,74.607315
397,75.78758
398,77.788536
399,77.12786
400,73.72876
401,69.980255
402,70.27638
403,71.54945
404,72.54778
405,74.89701
406,76.074005
407,74.84724
408,72.747795
409,71.39013
410,72.40809
411,76.104614
412,74.59001
413,72.56628
414,73.07164
415,74.78033
416,75.13146
417,74.80191
418,77.11272
419,74.490166
420,73.89133
421,74.56491
422,74.742065
423,74.80269
424,74.74505
425,74.61639
426,74.50618
427,73.535515
428,71.627945
429,72.07927
430,71.53749
431,71.70022
432,71.20687
433,71.93492
434,72.1353
435,72.00814
436,71.76771
437,69.31864
438,69.405334
439,69.051575
440,73.89155
441,78.43072
442,78.64027
443,74.09851
444,73.24881
445,72.07077
446,70.75215
447,70.84182
448,75.53475
449,76.226135
450,77.09452
451,75.49013
452,75.395485
453,75.05717
454,74.763824
455,74.08195
456,73.90924
457,74.60724
458,75.12908
459,74.59736
460,74.76826
461,73.39135
462,72.97916
463,71.738495
464,72.20505
465,73.44051
466,72.68343
467,72.09023
468,71.62475
469,72.21275
470,74.402405
471,75.777626
472,70.78999
473,71.25649
474,70.16532
475,71.23193
476,70.23843
477,71.932625
478,69.35543
479,68.43937
480,68.63118
481,71.92785
482,73.86071
483,73.57817
484,73.271774
485,73.79161
486,74.63237
487,74.83951
488,81.090836
489,73.029945
490,72.331924
491,76.410416
492,77.858826
493,78.13722
494,76.75643
495,73.98553
496,71.27676
497,70.5405
498,70.97799
499,72.646255
500,73.1813
501,73.54275
502,72.29523
503,71.74432
504,71.99843
505,72.39436
506,74.60782
507,77.257324
508,73.54069
509,72.67285
510,72.72692
511,72.92785
512,73.8913
513,73.13023
514,74.977875
515,76.87837
516,74.00574
517,74.10206
518,74.474754
519,74.640816
520,75.03302
521,74.76517
522,79.78777
523,77.26039
524,72.29843
525,70.95791
526,70.62711
527,71.399734
528,72.37025
529,73.40929
530,73.17824
531,74.20769
532,75.3029
533,75.53738
534,75.00184
535,73.777695
536,72.0363
537,71.4064
538,71.902985
539,69.61002
540,69.364845
541,70.307106
542,69.905174
543,68.84979
544,68.334564
545,68.675026
546,69.43603
547,74.31066
548,80.8208
549,83.07155
550,83.07651
551,82.93011
552,81.249275
553,77.88389
554,76.354256
555,72.556564
556,70.80607
557,70.16913
558,68.62443
559,67.00931
560,66.206726
561,66.07911
562,65.650566
563,69.00852
564,73.057846
565,70.101685
566,66.98724
567,66.23397
568,66.81839
569,67.168976
570,65.665245
571,66.11966
572,66.77686
573,65.98701
574,65.76407
575,65.952415
576,69.408966
577,70.73807
578,69.77105
579,68.117615
580,66.86537
581,67.1889
582,67.579994
583,70.022446
584,71.515625
585,72.725204
586,74.75773
587,73.07578
588,74.70562
589,75.80033
590,74.6816
591,70.908005
592,68.79293
593,68.388405
594,70.1437
595,71.73479
596,75.20451
597,77.244934
598,78.11707
599,78.93191
600,80.23495
601,80.75039
602,81.02297
603,79.14843
604,79.117035
605,79.805145
606,79.80426
607,79.50145
608,79.564476
609,82.15724
610,77.06943
611,74.707344
612,74.17537
613,73.080864
614,72.728355
615,70.99695
616,70.59236
617,74.22058
618,76.68642
619,76.7205
620,74.989944
621,71.06609
622,70.06311
623,69.53035
624,71.80054
625,73.35049
626,70.38627
627,70.47636
628,70.58355
629,71.412
630,73.46412
631,76.41249
632,76.80466
633,75.629105
634,75.106804
635,75.81048
636,75.422485
637,73.106766
638,72.275894
639,71.77213
640,71.71461
641,72.52783
642,72.98072
643,75.11742
644,75.803986
645,75.21793
646,76.47431
647,74.84829
648,75.1069
649,77.00442
650,76.598335
651,75.502884
652,73.288445
653,71.39866
654,72.87028
655,73.34871
656,73.39839
657,74.48025
658,76.67297
659,77.5801
660,76.46595
661,75.04818
662,73.74063
663,73.17526
664,73.75357
665,74.25859
666,79.34535
667,81.563286
668,81.42724
669,80.22009
670,79.625244
671,75.0483
672,73.93223
673,71.558846
674,70.652245
675,71.06759
676,73.407814
677,73.80428
678,73.90188
679,73.56452
680,73.661026
681,74.37787
682,76.36605
683,77.16875
684,72.75546
685,72.064896
686,73.28899
687,75.5758
688,77.84747
689,73.39642
690,72.04182
691,71.05554
692,72.5882
693,76.09455
694,77.03247
695,76.12187
696,74.88671
697,75.0022
698,75.730606
699,73.9242
700,72.86814
701,71.40587
702,70.09494
703,69.27459
704,68.518814
705,68.132996
706,68.49841
707,69.2225
708,71.4377
709,68.53897
710,67.34198
711,67.41262
712,66.457146
713,65.679
714,65.015625
715,64.43702
716,63.993023
717,63.61788
718,63.20379
719,63.228783
720,63.062786
721,63.229866
722,63.54663
723,62.91816
724,62.615562
725,62.278854
726,61.911774
727,61.7745
728,62.688747
729,62.5691
730,62.277294
731,61.877716
732,62.410774
733,63.257156
734,63.145786
735,63.003506
736,62.285393
737,62.666855
738,62.35618
739,62.75327
740,62.768887
741,61.830566
742,62.41744
743,63.19708
744,62.079845
745,62.912273
746,66.44069
747,62.784077
748,62.701813
749,62.91917
750,62.557503
751,61.878918
752,61.404808
753,60.973446
754,60.73214
755,60.59711
756,60.64968
757,60.701427
758,60.538876
759,60.538857
760,60.770985
761,60.69604
762,60.96882
763,62.642326
764,63.438297
765,63.067974
766,61.65393
767,61.44424
768,61.816338
769,61.79172
770,62.001366
771,62.854572
772,62.621845
773,61.834396
774,64.43617
775,63.35124
776,65.88168
777,67.16132
778,67.70852
779,69.22087
780,74.92489
781,75.04361
782,75.31578
783,77.19107
784,77.99674
785,76.704796
786,75.8507
787,76.97649
788,76.34275
789,73.95668
790,71.84122
791,69.574036
792,68.909706
793,68.177055
794,67.62442
795,66.93792
796,66.68557
797,67.07358
798,66.94558
799,65.836136
800,65.06272
801,66.220055
802,71.40223
803,69.89962
804,70.43493
805,71.06871
806,71.39821
807,66.40571
808,64.84883
809,64.618385
810,67.4595
811,68.56727
812,67.78881
813,67.65987
814,71.58345
815,71.01826
816,68.77932
817,68.26043
818,67.62101
819,66.6552
820,67.48821
821,68.19514
822,68.109375
823,69.966064
824,72.92884
825,73.393
826,69.075745
827,70.142746
828,70.19932
829,69.917465
830,74.614
831,75.14897
832,77.41158
833,76.8104
834,76.328125
835,77.396866
836,73.6653
837,74.309006
838,74.62041
839,74.68291
840,74.42915
841,74.06814
842,73.16863
843,79.28305
844,77.771866
845,76.52911
846,75.9608
847,76.795456
848,77.887825
849,78.132965
850,77.3292
851,76.439095
852,74.47567
853,74.48772
854,73.756744
855,73.19787
856,72.731606
857,72.05675
858,71.99001
859,78.0072
860,75.53899
861,74.89887
862,74.36227
863,71.96038
864,76.76381
865,76.42925
866,78.03718
867,77.53639
868,78.906815
869,75.25493
870,74.74914
871,75.0509
872,75.390915
873,74.993164
874,74.20204
875,72.494896
876,72.64165
877,72.96039
878,78.63885
879,82.91633
880,82.53998
881,77.2874
882,71.54421
883,72.055664
884,72.73517
885,70.34843
886,69.62538
887,69.622284
888,69.23911
889,73.588524
890,72.76941
891,71.7767
892,68.44543
893,67.96396
894,68.559814
895,68.78075
896,67.85874
897,68.046394
898,70.15557
899,73.54933
900,73.17979
901,68.550186
902,68.29992
903,69.52217
904,71.253136
905,70.475975
906,71.7425
907,73.46642
908,71.8449
909,69.329445
910,68.15661
911,73.78214
912,75.12747
913,73.34497
914,69.6526
915,69.45968
916,68.55518
917,67.481026
918,67.12486
919,67.16164
920,67.86248
921,67.28137
922,68.08316
923,68.76514
924,68.81484
925,71.23818
926,72.841675
927,71.87706
928,68.44758
929,67.81653
930,67.912605
931,68.174675
932,67.606575
933,66.68321
934,66.46461
935,66.7782
936,68.73743
937,70.596436
938,70.99942
939,68.61253
940,68.71305
941,69.67416
942,71.566956
943,69.32638
944,68.78485
945,69.96095
946,70.264404
947,69.62117
948,69.57157
949,69.52895
950,69.25852
951,66.510635
952,65.91994
953,66.27147
954,67.9681
955,65.68993
956,64.80575
957,64.291954
958,66.01996
959,68.755775
960,73.45615
961,74.30431
962,76.14783
963,77.25399
964,70.86276
965,72.018875
966,68.75561
967,68.27307
968,68.41924
969,68.462524
970,68.058334
971,73.07901
972,74.57761
973,74.0201
974,71.49368
975,68.6123
976,67.21532
977,67.54689
978,65.86542
979,66.9005
980,68.87598
981,68.77009
982,72.53934
983,71.81232
984,67.71249
985,69.286865
986,69.71812
987,73.63304
988,72.33901
989,72.2916
990,74.05425
991,73.58715
992,74.45617
993,74.874405
994,72.74145
995,68.36755
996,72.445206
997,69.42575
998,68.34623
999,70.07778
1000,70.35368
1001,73.943924
1002,75.82038
1003,76.98736
1004,73.51842
1005,72.156044
1006,74.54396
1007,71.64284
1008,67.905014
1009,66.8629
1010,66.08621
1011,66.3559
1012,69.76138
1013,74.45155
1014,76.5442
1015,77.29115
1016,77.81094
1017,74.4991
1018,75.58302
1019,82.1475
1020,83.50421
1021,81.19404
1022,79.69136
1023,81.2988
1024,78.25399
1025,77.388725
1026,76.217834
1027,76.2931
1028,76.391914
1029,80.03973
1030,79.50305
1031,78.224625
1032,77.1124
1033,78.28043
1034,79.884094
1035,81.30919
1036,80.890724
1037,84.3698
1038,84.768814
1039,86.276
1040,84.87355
1041,84.891846
1042,84.12139
1043,80.55401
1044,78.12878
1045,78.07901
1046,75.35415
1047,74.58809
1048,74.023766
1049,75.07882
1050,75.31232
1051,76.9634
1052,79.84822
1053,76.994095
1054,74.516785
1055,74.908485
1056,73.80374
1057,73.80438
1058,71.06104
1059,70.330154
1060,70.14673
1061,70.29595
1062,70.303314
1063,69.706
1064,69.03427
1065,68.587395
1066,73.09539
1067,75.951065
1068,76.821625
1069,71.266495
1070,71.08017
1071,71.28382
1072,72.48792
1073,70.298454
1074,76.341545
1075,78.01117
1076,82.62504
1077,80.61462
1078,78.81868
1079,74.09064
1080,76.009445
1081,76.792175
1082,78.46398
1083,73.01461
1084,70.92369
1085,71.29775
1086,74.54423
1087,73.80995
1088,72.06977
1089,73.17755
1090,74.61584
1091,75.68846
1092,76.19597
1093,77.51541
1094,76.795456
1095,77.06549
1096,77.33152
1097,77.66004
1098,77.80982
1099,80.13211
1100,80.55459
1101,80.05906
1102,79.5389
1103,79.30446
1104,77.0226
1105,78.92196
1106,74.5944
1107,76.655365
1108,78.14798
1109,74.6276
1110,73.87829
1111,74.81021
1112,72.47977
1113,72.69697
1114,73.72092
1115,73.289185
1116,71.80027
1117,71.940956
1118,73.61631
1119,75.39157
1120,75.80065
1121,75.900826
1122,75.57136
1123,74.59801
1124,72.98931
1125,71.58444
1126,71.14855
1127,71.23473
1128,70.96758
1129,70.754974
1130,71.280556
1131,70.90652
1132,70.45435
1133,70.498116
1134,69.661095
1135,68.91835
1136,68.682236
1137,69.73111
1138,69.712555
1139,70.469925
1140,70.54508
1141,70.78456
1142,70.56156
1143,71.38735
1144,71.49731
1145,73.33553
1146,74.46926
1147,71.4981
1148,68.84734
1149,68.50166
1150,69.30682
1151,68.579704
1152,67.134865
1153,66.54177
1154,65.981476
1155,65.95801
1156,68.02407
1157,71.655365
1158,69.200485
1159,67.38105
1160,67.87872
1161,68.17984
1162,69.44886
1163,70.59518
1164,73.984375
1165,73.83822
1166,73.1688
1167,72.58513
1168,73.36716
1169,72.41052
1170,70.266785
1171,69.43815
1172,69.640724
1173,69.110374
1174,68.94094
1175,68.76132
1176,68.112724
1177,69.29111
1178,69.65605
1179,70.2919
1180,71.08728
1181,71.17691
1182,68.97037
1183,68.30699
1184,72.11922
1185,73.31176
1186,68.33807
1187,68.53357
1188,70.11409
1189,70.8687
1190,67.75964
1191,71.04639
1192,71.97061
1193,69.60007
1194,71.046684
1195,72.493416
1196,76.0007
1197,77.083694
1198,72.951
1199,70.93413
1200,69.89783
1201,69.12577
1202,70.95716
1203,70.50786
1204,70.33558
1205,69.83923
1206,69.445854
1207,68.72532
1208,68.85662
1209,69.45343
1210,68.990005
1211,70.52227
1212,68.87884
1213,66.79799
1214,66.23339
1215,66.887566
1216,65.355606
1217,65.12044
1218,65.81898
1219,65.15764
1220,65.15891
1221,65.79717
1222,66.580154
1223,65.04542
1224,63.936615
1225,63.88369
1226,66.0775
1227,65.364365
1228,65.07562
1229,65.36114
1230,65.263626
1231,63.61228
1232,62.884575
1233,62.337807
1234,62.734867
1235,62.561237
1236,66.93904
1237,67.78713
1238,63.75094
1239,63.802284
1240,63.57467
1241,63.027374
1242,62.264652
1243,61.86816
1244,62.3324
1245,62.4444
1246,62.4005
1247,62.165123
1248,63.274963
1249,65.53518
1250,64.529526
1251,66.17657
1252,64.56067
1253,65.70154
1254,65.08489
1255,64.1828
1256,62.24661
1257,64.49131
1258,62.93706
1259,62.064045
1260,61.77133
1261,62.00467
1262,62.006084
1263,61.715973
1264,62.43908
1265,62.550293
1266,62.07128
1267,61.4465
1268,62.830917
1269,67.03936
1270,63.791336
1271,65.04731
1272,66.43119
1273,65.47587
1274,65.20988
1275,62.400425
1276,64.233315
1277,65.793175
1278,65.407265
1279,65.29657
1280,62.856533
1281,63.59317
1282,63.78786
1283,65.07874
1284,64.64174
1285,63.698833
1286,62.19403
1287,64.636894
1288,66.437874
1289,67.48104
1290,67.81948
1291,67.917984
1292,68.63898
1293,68.9757
1294,69.71863
1295,68.802765
1296,69.250916
1297,69.94726
1298,68.1988
1299,66.91709
1300,66.403046
1301,66.352264
1302,65.839905
1303,66.33147
1304,67.43338
1305,65.241066
1306,64.57234
1307,65.04476
1308,70.814964
1309,70.639465
1310,65.35988
1311,65.1313
1312,67.51612
1313,68.26957
1314,66.56009
1315,70.81847
1316,70.189285
1317,67.29019
1318,67.68974
1319,69.66958
1320,66.07096
1321,65.51809
1322,65.98005
1323,67.7591
1324,64.57624
1325,64.32819
1326,65.072586
1327,65.20417
1328,65.6517
1329,65.47586
1330,65.237724
1331,67.38626
1332,64.4148
1333,65.24617
1334,66.29858
1335,66.56473
1336,66.94151
1337,64.60815
1338,65.11562
1339,68.517784
1340,69.00445
1341,66.13889
1342,65.814606
1343,66.036705
1344,65.75171
1345,65.30495
1346,67.52371
1347,70.62235
1348,71.62235
1349,68.05608
1350,66.24541
1351,66.06645
1352,67.34933
1353,67.49325
1354,66.067345
1355,65.94151
1356,66.66549
1357,63.653816
1358,64.15958
1359,63.889576
1360,63.02879
1361,62.837753
1362,62.79548
1363,63.65177
1364,68.208694
1365,68.99304
1366,67.60517
1367,66.79324
1368,68.1391
1369,69.84876
1370,68.51538
1371,68.99547
1372,68.70385
1373,70.16627
1374,71.5123
1375,68.753
1376,66.91156
1377,66.787994
1378,66.54253
1379,66.15207
1380,65.25354
1381,64.802704
1382,67.64255
1383,67.90446
1384,65.250435
1385,64.90838
1386,66.47305
1387,69.48603
1388,68.76231
1389,67.498055
1390,68.14961
1391,70.60817
1392,71.44703
1393,71.49609
1394,70.42787
1395,67.77132
1396,68.93989
1397,70.33148
1398,73.22241
1399,70.914
1400,67.49096
1401,66.053856
1402,71.27149
1403,71.85857
1404,72.66999
1405,73.69317
1406,73.57192
1407,73.50155
1408,73.27949
1409,73.3409
1410,74.49483
1411,74.97999
1412,74.964096
1413,74.71401
1414,74.907036
1415,74.632454
1416,74.62309
1417,75.63942
1418,73.076775
1419,69.20507
1420,69.38435
1421,73.86208
1422,73.16929
1423,72.11133
1424,68.352806
1425,67.429405
1426,71.88065
1427,72.01229
1428,70.29585
1429,74.94633
1430,76.17366
1431,78.91603
1432,78.44167
1433,76.50919
1434,74.2414
1435,72.38772
1436,74.76143
1437,74.141556
1438,71.11534
1439,70.69587
1440,70.5135
1441,67.98522
1442,67.17281
1443,66.3772
1444,67.24714
1445,67.924644
1446,67.84348
1447,65.49688
1448,64.91466
1449,65.27543
1450,65.18109
1451,65.62488
1452,66.068214
1453,64.065125
1454,64.06253
1455,64.67347
1456,65.44146
1457,65.2446
1458,63.668026
1459,62.835793
1460,62.807564
1461,63.089794
1462,62.07293
1463,61.93869
1464,66.91614
1465,67.78858
1466,65.39483
1467,70.312775
1468,73.119865
1469,73.06493
1470,72.29134
1471,72.325836
1472,68.9907
1473,69.45157
1474,73.99593
1475,75.09581
1476,74.78526
1477,74.7763
1478,75.83034
1479,75.184235
1480,75.65968
1481,76.75108
1482,77.4452
1483,77.82336
1484,75.3207
1485,75.22872
1486,75.44914
1487,74.15672
1488,73.25369
1489,71.69465
1490,72.115776
1491,71.61724
1492,73.57873
1493,75.41909
1494,76.08878
1495,76.365456
1496,75.22016
1497,73.97753
1498,77.08374
1499,75.121956
1500,73.6118
1501,73.516716
1502,78.32899
1503,79.60846
1504,79.14191
1505,78.84975
1506,79.39442
1507,79.90343
1508,80.60059
1509,80.754486
1510,80.2137
1511,83.3549
1512,76.78613
1513,75.795906
1514,76.231415
1515,77.22869
1516,81.748344
1517,82.57549
1518,81.13019
1519,81.04288
1520,78.2322
1521,77.92162
1522,79.121025
1523,79.24482
1524,78.55561
1525,76.40877
1526,74.69277
1527,74.59537
1528,73.53506
1529,72.95767
1530,76.10461
1531,78.256485
1532,78.19018
1533,77.48808
1534,75.90776
1535,75.74056
1536,76.25873
1537,75.58153
1538,73.99245
1539,72.89018
1540,71.998825
1541,72.24504
1542,72.77559
1543,71.841095
1544,71.831505
1545,70.910515
1546,70.52475
1547,70.74323
1548,70.952835
1549,74.47702
1550,75.17016
1551,75.60938
1552,73.99785
1553,73.2702
1554,72.61398
1555,71.7331
1556,71.5398
1557,70.27819
1558,68.95721
1559,68.15281
1560,69.28854
1561,74.9893
1562,76.90467
1563,78.43593
1564,77.657425
1565,72.93147
1566,71.618256
1567,71.32016
1568,70.7544
1569,70.0792
1570,69.60841
1571,68.54512
1572,67.84966
1573,67.52146
1574,68.99087
1575,69.92966
1576,70.03546
1577,69.27985
1578,67.93599
1579,70.02929
1580,70.99098
1581,73.8917
1582,75.73926
1583,73.24157
1584,72.65317
1585,71.769844
1586,70.16613
1587,68.51573
1588,67.751526
1589,67.99112
1590,67.55387
1591,67.20117
1592,67.08412
1593,67.01668
1594,67.9452
1595,67.787994
1596,66.01389
1597,66.99958
1598,66.69158
1599,66.417656
1600,66.01583
1601,65.94633
1602,67.15382
1603,69.268654
1604,73.45279
1605,74.71404
1606,75.09401
1607,74.53108
1608,73.98651
1609,71.53761
1610,69.91475
1611,67.93654
1612,67.76963
1613,68.43921
1614,68.75302
1615,71.88917
1616,70.43965
1617,69.074455
1618,67.26671
1619,67.67868
1620,68.16961
1621,68.16374
1622,66.472565
1623,65.54927
1624,64.93881
1625,64.54367
1626,66.333916
1627,64.58341
1628,64.096466
1629,66.70942
1630,68.79334
1631,65.718994
1632,68.20126
1633,69.36844
1634,68.87562
1635,64.90361
1636,64.307915
1637,63.753468
1638,63.548355
1639,62.756577
1640,62.294426
1641,62.300797
1642,62.438255
1643,62.42465
1644,62.786655
1645,63.818096
1646,68.5593
1647,67.56003
1648,67.16405
1649,68.30165
1650,69.34363
1651,68.997955
1652,65.38754
1653,64.04642
1654,63.837914
1655,64.474754
1656,64.71993
1657,65.94901
1658,65.86464
1659,63.66032
1660,64.55075
1661,65.13172
1662,66.13186
1663,68.09832
1664,68.36849
1665,71.884
1666,75.58869
1667,76.00304
1668,74.30149
1669,69.12974
1670,69.15417
1671,67.905815
1672,67.248405
1673,66.91576
1674,66.47457
1675,66.803085
1676,69.86232
1677,70.31666
1678,70.02427
1679,69.96469
1680,70.73934
1681,72.793686
1682,69.97159
1683,71.65651
1684,75.64299
1685,74.390526
1686,72.42168
1687,72.516365
1688,72.932205
1689,74.54593
1690,77.10129
1691,71.81534
1692,71.8336
1693,71.94555
1694,72.14864
1695,72.588936
1696,76.42865
1697,80.23418
1698,82.323875
1699,83.00494
1700,83.24948
1701,82.680176
1702,81.40436
1703,80.79775
1704,79.97801
1705,79.07987
1706,78.70219
1707,75.28757
1708,74.24474
1709,74.27661
1710,73.6413
1711,74.26289
1712,76.26462
1713,77.50993
1714,78.31082
1715,76.24909
1716,75.20614
1717,75.33986
1718,75.348755
1719,74.548416
1720,80.84537
1721,80.653244
1722,77.0343
1723,77.21844
1724,77.7575
1725,77.697365
1726,77.48259
1727,78.00663
1728,79.57638
1729,76.354294
1730,75.483894
1731,75.468025
1732,75.46023
1733,76.95199
1734,78.12547
1735,79.01541
1736,79.0757
1737,78.60388
1738,78.00752
1739,77.99124
1740,78.892075
1741,79.42669
1742,79.677826
1743,80.16069
1744,80.14762
1745,78.585754
1746,79.86555
1747,80.29921
1748,80.63247
1749,81.19486
1750,82.61084
1751,78.83486
1752,75.81452
1753,73.82393
1754,73.435936
1755,76.458626
1756,73.42342
1757,72.56304
1758,72.38805
1759,70.3288
1760,71.33699
1761,74.86431
1762,75.98701
1763,75.02254
1764,70.90417
1765,70.106735
1766,71.59496
1767,78.42274
1768,79.95571
1769,80.16426
1770,80.19565
1771,80.215385
1772,80.26605
1773,75.87655
1774,73.41416
1775,72.25519
1776,73.0365
1777,74.59486
1778,76.26667
1779,77.8648
1780,80.788086
1781,81.73734
1782,80.327576
1783,78.51983
1784,74.04125
1785,72.52833
1786,72.31753
1787,73.45719
1788,74.30725
1789,76.23534
1790,78.11897
1791,79.94206
1792,78.56439
1793,78.397736
1794,76.71193
1795,74.95009
1796,75.75224
1797,76.62394
1798,75.63364
1799,75.27972
1800,76.263626
1801,73.1337
1802,72.85963
1803,75.681015
1804,75.3352
1805,72.99553
1806,73.931946
1807,74.693436
1808,75.43632
1809,71.41884
1810,71.63595
1811,78.06726
1812,75.73318
1813,75.73178
1814,76.56198
1815,77.25068
1816,76.3777
1817,75.45141
1818,74.955154
1819,74.71587
1820,75.86165
1821,77.09926
1822,76.69978
1823,78.06834
1824,77.17696
1825,75.565865
1826,80.685646
1827,84.79579
1828,77.14515
1829,75.46384
1830,77.409546
1831,79.15807
1832,76.84768
1833,76.12683
1834,82.75604
1835,82.39296
1836,79.88271
1837,78.41766
1838,81.62154
1839,82.11982
1840,83.181465
1841,81.48086
1842,81.17856
1843,79.72292
1844,77.7448
1845,77.68469
1846,78.793945
1847,80.16579
1848,83.20963
1849,81.82565
1850,77.72504
1851,76.41698
1852,77.31567
1853,78.27166
1854,78.49438
1855,79.167915
1856,78.97622
1857,77.557526
1858,76.68708
1859,79.75688
1860,78.97386
1861,77.75771
1862,76.96269
1863,75.889984
1864,73.97954
1865,72.22612
1866,71.705666
1867,71.06066
1868,70.22234
1869,69.70689
1870,71.09254
1871,73.1755
1872,71.78811
1873,71.111595
1874,70.69968
1875,69.666626
1876,73.9573
1877,74.40157
1878,70.31174
1879,69.73756
1880,68.818115
1881,71.43066
1882,72.69045
1883,69.23655
1884,71.55207
1885,70.34652
1886,68.82644
1887,69.08154
1888,68.9791
1889,68.75053
1890,69.73565
1891,69.22404
1892,67.134544
1893,66.47341
1894,68.69137
1895,69.148865
1896,68.364136
1897,68.3789
1898,69.16575
1899,67.16738
1900,67.452805
1901,66.13212
1902,65.550095
1903,65.291016
1904,64.78556
1905,64.36936
1906,63.936592
1907,64.12053
1908,63.953415
1909,63.045944
1910,71.12415
1911,71.659645
1912,71.66352
1913,68.93903
1914,66.30639
1915,66.794495
1916,65.026474
1917,64.484795
1918,63.92196
1919,65.53722
1920,66.09345
1921,66.47012
1922,65.667854
1923,64.975365
1924,65.07505
1925,65.86137
1926,66.89408
1927,64.24017
1928,63.99415
1929,63.783234
1930,64.02067
1931,63.741356
1932,62.784466
1933,62.260563
1934,61.713192
1935,61.7476
1936,61.620472
1937,61.704033
1938,64.33083
1939,66.25758
1940,66.87087
1941,63.42085
1942,63.598995
1943,63.576458
1944,63.177044
1945,62.56375
1946,62.89442
1947,63.68306
1948,64.86438
1949,65.52216
1950,64.50846
1951,65.230606
1952,66.78174
1953,64.109344
1954,63.854607
1955,63.643585
1956,63.673767
1957,63.154064
1958,63.311436
1959,63.695583
1960,62.211002
1961,61.679897
1962,61.114304
1963,60.522247
1964,60.172867
1965,59.627907
1966,59.238037
1967,59.255493
1968,59.629433
1969,60.868095
1970,60.719948
1971,60.09885
1972,60.639065
1973,60.13937
1974,59.48603
1975,58.94046
1976,58.489132
1977,58.063015
1978,58.43537
1979,58.83705
1980,59.914562
1981,63.55438
1982,64.36874
1983,61.73567
1984,60.534237
1985,60.59413
1986,60.66299
1987,59.54145
1988,59.167744
1989,58.718967
1990,60.358498
1991,61.337723
1992,60.626095
1993,60.495796
1994,64.21513
1995,63.53771
1996,63.489773
1997,62.8129
1998,62.303135
1999,61.779655
2000,60.984577
2001,59.787735
2002,59.60035
2003,59.240345
2004,60.296402
2005,65.49961
2006,65.25227
2007,65.37368
2008,65.1458
2009,63.132236
2010,62.765015
2011,63.309734
2012,63.599434
2013,65.15288
2014,65.12808
2015,67.02797
2016,66.68817
2017,68.58475
2018,68.06773
2019,65.032646
2020,64.219376
2021,63.17891
2022,62.89264
2023,63.01189
2024,61.66393
2025,62.26409
2026,66.75732
2027,65.77926
2028,67.17946
2029,68.03613
2030,66.84547
2031,64.31425
2032,63.279602
2033,62.988205
2034,62.713448
2035,62.70104
2036,62.56235
2037,62.674133
2038,61.177505
2039,60.507145
2040,61.435276
2041,64.46616
2042,63.972744
2043,64.570435
2044,64.034424
2045,63.648064
2046,64.29161
2047,62.923523
2048,64.436714
2049,64.89847
2050,63.669693
2051,64.02427
2052,65.463554
2053,63.120346
2054,62.482697
2055,63.094345
2056,63.586666
2057,64.0987
2058,64.13846
2059,67.25095
2060,66.04052
2061,66.02599
2062,69.217026
2063,70.81547
2064,71.74571
2065,70.62323
2066,69.19578
2067,69.68627
2068,66.80693
2069,65.09648
2070,63.337173
2071,63.869534
2072,63.5564
2073,62.8616
2074,62.43923
2075,62.23864
2076,60.670555
2077,62.277683
2078,59.812122
2079,59.333073
2080,58.94721
2081,59.017696
2082,58.71996
2083,58.0971
2084,57.748936
2085,57.417988
2086,58.312927
2087,60.290806
2088,60.100315
2089,59.394043
2090,61.45124
2091,60.969116
2092,60.28376
2093,59.16378
2094,58.966316
2095,59.26283
2096,59.589375
2097,59.2482
2098,58.545383
2099,58.295517
2100,58.79473
2101,59.263416
2102,59.857136
2103,59.361595
2104,59.55566
2105,58.89973
2106,61.402767
2107,61.91322
2108,60.524105
2109,62.662746
2110,64.54536
2111,59.45595
2112,60.780064
2113,59.114586
2114,58.69994
2115,58.347824
2116,58.18016
2117,57.869267
2118,57.409645
2119,57.4013
2120,59.984272
2121,58.062252
2122,60.909588
2123,58.461365
2124,58.91426
2125,57.89458
2126,57.621136
2127,57.607697
2128,57.675026
2129,57.947712
2130,58.34185
2131,59.509594
2132,58.56719
2133,58.453346
2134,63.92293
2135,57.99507
2136,57.629658
2137,56.98764
2138,56.52684
2139,56.39685
2140,56.90368
2141,57.192493
2142,57.3674
2143,57.826237
2144,58.181854
2145,56.88266
2146,58.53863
2147,58.954685
2148,59.51191
2149,57.358494
2150,56.873417
2151,57.307335
2152,58.117706
2153,57.196556
2154,59.856964
2155,57.501873
2156,56.778465
2157,56.843517
2158,58.64232
2159,56.72533
2160,56.542934
2161,56.51124
2162,57.536507
2163,57.28146
2164,56.694954
2165,58.55905
2166,59.2151
2167,57.892624
2168,57.742252
2169,57.22112
2170,57.221912
2171,60.739685
2172,61.028996
2173,63.508392
2174,62.989273
2175,61.21347
2176,59.02479
2177,59.350605
2178,58.347073
2179,57.468906
2180,58.478943
2181,58.387806
2182,57.355186
2183,57.259632
2184,57.440346
2185,57.537457
2186,56.96929
2187,57.794502
2188,62.46199
2189,61.181442
2190,58.56236
2191,57.557236
2192,57.15625
2193,56.5298
2194,56.70755
2195,57.03672
2196,56.87111
2197,56.41368
2198,56.116055
2199,55.912193
2200,55.7378
2201,56.17897
2202,56.82532
2203,58.50611
2204,58.05904
2205,59.3161
2206,61.133194
2207,65.561195
2208,68.19539
2209,71.326614
2210,72.36713
2211,72.59105
2212,71.9247
2213,72.84884
2214,71.910805
2215,71.51726
2216,71.656105
2217,73.196365
2218,75.3273
2219,75.89393
2220,75.73984
2221,74.792946
2222,73.827736
2223,72.94325
2224,70.88187
2225,72.9677
2226,78.18535
2227,73.15219
2228,73.75389
2229,75.29028
2230,76.18395
2231,77.58994
2232,75.13016
2233,73.65727
2234,71.096275
2235,70.66894
2236,72.92546
2237,75.01489
2238,74.669235
2239,71.34267
2240,68.25148
2241,69.92432
2242,68.241714
2243,68.219536
2244,67.047005
2245,67.18033
2246,65.11636
2247,66.57087
2248,66.95922
2249,65.17508
2250,64.94609
2251,64.03193
2252,63.55757
2253,65.49008
2254,66.54905
2255,64.50479
2256,65.49171
2257,65.96496
2258,65.257225
2259,64.82705
2260,64.360954
2261,66.45878
2262,66.063255
2263,65.79433
2264,65.956726
2265,64.50496
2266,64.54156
2267,70.51933
2268,64.91902
2269,63.504036
2270,63.041748
2271,62.84849
2272,62.089893
2273,62.63008
2274,62.02038
2275,62.089764
2276,63.678303
2277,62.88841
2278,63.483784
2279,64.249954
2280,63.349255
2281,66.188446
2282,71.33909
2283,68.17543
2284,67.027275
2285,67.01035
2286,69.33493
2287,70.86773
2288,69.64235
2289,74.70314
2290,75.577705
2291,75.00083
2292,74.54487
2293,73.15192
2294,70.18638
2295,70.28946
2296,67.90273
2297,66.24159
2298,66.56429
2299,67.33399
2300,66.02342
2301,65.277695
2302,65.80868
2303,67.16436
2304,68.99896
2305,66.465904
2306,64.80265
2307,65.12439
2308,64.42586
2309,63.4188
2310,63.754063
2311,63.29158
2312,62.711487
2313,62.229637
2314,61.60967
2315,61.066193
2316,60.743126
2317,60.450275
2318,62.95854
2319,64.996414
2320,64.175026
2321,63.633114
2322,63.716915
2323,61.30046
2324,60.71439
2325,60.06771
2326,59.64995
2327,61.078934
2328,60.930084
2329,60.905388
2330,60.513165
2331,59.797726
2332,59.644585
2333,59.82051
2334,60.982334
2335,60.302948
2336,60.22019
2337,60.387012
2338,60.15606
2339,59.936043
2340,62.038364
2341,62.08399
2342,61.073723
2343,61.16067
2344,60.228107
2345,59.887783
2346,59.839542
2347,59.825817
2348,59.528072
2349,59.31009
2350,59.14457
2351,58.7244
2352,58.528233
2353,58.29726
2354,58.38724
2355,58.789997
2356,58.697643
2357,58.845
2358,58.9545
2359,58.857277
2360,59.672527
2361,60.234535
2362,59.838875
2363,60.832474
2364,63.120754
2365,67.66775
2366,69.09231
2367,71.78663
2368,74.29455
2369,75.69789
2370,75.92479
2371,74.353096
2372,67.449905
2373,66.08122
2374,66.40527
2375,68.340866
2376,71.234436
2377,67.60802
2378,66.65449
2379,65.95685
2380,66.03255
2381,65.306816
2382,64.13235
2383,64.844574
2384,64.057526
2385,65.56158
2386,65.284935
2387,66.03596
2388,65.43379
2389,65.669716
2390,66.41274
2391,64.64118
2392,66.003265
2393,67.708916
2394,70.01422
2395,68.6454
2396,63.474503
2397,64.31851
2398,65.26554
2399,64.87948
2400,65.750175
2401,66.192406
2402,65.440506
2403,66.445305
2404,68.767235
2405,73.45661
2406,68.42327
2407,67.81161
2408,69.84606
2409,71.776764
2410,71.94833
2411,69.81186
2412,68.02117
2413,68.20759
2414,66.113914
2415,64.04638
2416,63.13989
2417,62.18144
2418,61.178177
2419,60.367332
2420,59.724056
2421,59.258068
2422,59.6068
2423,59.25273
2424,62.00731
2425,64.6148
2426,66.45942
2427,70.252205
2428,66.127525
2429,64.56666
2430,63.95622
2431,62.799664
2432,61.482204
2433,60.427197
2434,59.69777
2435,58.949547
2436,58.279377
2437,57.702175
2438,57.429028
2439,57.34311
2440,57.045692
2441,56.957115
2442,56.97795
2443,57.268517
2444,58.80783
2445,62.12044
2446,60.85102
2447,59.15338
2448,58.50424
2449,57.85133
2450,57.43162
2451,57.16605
2452,57.042797
2453,56.649193
2454,56.397278
2455,56.41089
2456,56.20611
2457,56.1414
2458,56.166313
2459,56.21933
2460,57.186546
2461,57.740772
2462,57.917747
2463,60.092476
2464,60.281326
2465,60.389294
2466,61.414867
2467,62.752274
2468,64.89297
2469,64.11165
2470,59.414436
2471,58.71832
2472,58.2658
2473,58.07003
2474,57.982197
2475,57.49003
2476,57.707188
2477,57.771805
2478,58.32101
2479,59.479965
2480,60.10995
2481,59.25892
2482,61.055534
2483,59.837387
2484,58.126217
2485,57.79116
2486,57.7957
2487,57.72649
2488,57.714928
2489,57.738113
2490,58.84536
2491,58.9752
2492,59.821323
2493,62.50761
2494,60.003773
2495,58.81659
2496,58.80202
2497,59.040134
2498,59.22864
2499,59.275154
2500,59.080826
2501,58.5499
2502,58.643276
2503,59.890064
2504,58.648895
2505,58.77509
2506,58.542446
2507,58.23713
2508,58.15914
2509,57.334763
2510,57.776363
2511,57.989746
2512,57.720097
2513,57.469547
2514,57.169518
2515,56.976265
2516,57.029697
2517,57.659397
2518,57.53322
2519,57.64499
2520,58.160717
2521,60.046497
2522,58.74296
2523,58.498848
2524,57.89331
2525,57.207775
2526,56.83366
2527,56.607117
2528,56.2457
2529,56.66385
2530,56.786327
2531,56.76345
2532,56.61954
2533,56.485126
2534,56.898075
2535,57.497803
2536,57.814842
2537,57.41585
2538,57.54034
2539,57.62771
2540,57.36164
2541,57.275566
2542,57.513836
2543,57.214962
2544,57.07676
2545,57.07662
2546,57.272316
2547,57.398376
2548,57.273933
2549,58.26931
2550,57.623558
2551,57.767128
2552,57.821705
2553,58.503365
2554,58.355312
2555,57.921787
2556,57.411427
2557,57.648685
2558,56.94857
2559,57.44995
2560,57.054024
2561,57.2123
2562,56.851826
2563,57.04343
2564,57.02544
2565,57.15882
2566,57.06701
2567,58.014805
2568,58.042587
2569,57.75633
2570,57.566837
2571,57.60822
2572,60.207874
2573,58.467342
2574,58.372925
2575,58.28123
2576,58.017056
2577,58.11544
2578,59.217693
2579,59.195675
2580,58.120594
2581,58.34701
2582,58.324036
2583,58.953117
2584,59.73457
2585,58.709694
2586,58.911766
2587,58.562286
2588,58.58549
2589,58.244823
2590,58.463963
2591,58.604214
2592,61.47779
2593,61.229553
2594,59.949642
2595,59.863663
2596,58.939148
2597,58.639736
2598,57.519356
2599,57.002018
2600,56.85871
2601,57.78101
2602,57.257877
2603,57.264553
2604,57.286186
2605,57.238434
2606,57.314636
2607,57.263996
2608,57.755127
2609,58.087322
2610,69.38519
2611,70.27166
2612,70.65324
2613,77.30329
2614,65.29334
2615,64.73789
2616,62.044346
2617,61.266148
2618,61.988228
2619,65.5196
2620,69.32386
2621,70.844246
2622,71.69487
2623,72.14886
2624,73.50881
2625,73.22207
2626,73.787605
2627,68.255226
2628,68.479095
2629,73.47636
2630,76.5857
2631,75.385185
2632,74.21315
2633,73.28667
2634,74.275215
2635,76.2857
2636,77.87022
2637,77.923744
2638,76.61818
2639,73.46952
2640,74.983574
2641,77.82231
2642,74.23554
2643,71.040855
2644,68.25477
2645,68.63026
2646,71.69471
2647,71.768684
2648,71.55346
2649,72.72316
2650,72.26132
2651,71.29204
2652,69.57775
2653,69.9337
2654,70.183174
2655,71.64695
2656,71.447464
2657,70.06843
2658,68.89371
2659,67.967926
2660,71.155655
2661,70.47291
2662,69.20236
2663,66.24915
2664,65.36156
2665,64.92348
2666,65.613815
2667,65.563835
2668,65.06657
2669,65.210594
2670,65.67825
2671,65.99891
2672,63.74555
2673,64.05513
2674,64.75138
2675,65.716934
2676,65.387695
2677,63.576813
2678,63.12417
2679,64.18175
2680,64.18194
2681,66.1167
2682,64.494644
2683,65.56154
2684,64.90025
2685,66.46899
2686,65.40148
2687,64.38297
2688,65.447205
2689,65.49388
2690,65.721596
2691,66.66698
2692,66.72938
2693,67.11332
2694,67.44653
2695,66.90123
2696,67.36983
2697,67.590034
2698,67.390274
2699,68.70191
2700,76.100464
2701,77.18908
2702,70.946526
2703,68.57602
2704,68.37343
2705,68.985886
2706,68.25139
2707,68.155815
2708,67.97261
2709,65.70536
2710,65.19031
2711,64.62619
2712,63.956722
2713,63.17169
2714,62.61987
2715,62.060863
2716,61.758453
2717,62.317833
2718,63.831467
2719,66.56791
2720,68.163445
2721,67.996376
2722,67.51346
2723,68.67535
2724,70.290184
2725,73.17988
2726,68.02403
2727,67.5137
2728,67.68017
2729,70.50424
2730,70.448715
2731,66.47453
2732,66.68309
2733,67.32958
2734,66.539444
2735,65.03701
2736,64.30686
2737,64.86943
2738,64.71724
2739,63.02262
2740,62.3165
2741,62.38391
2742,62.152615
2743,61.69857
2744,61.485023
2745,60.7617
2746,61.779892
2747,61.447536
2748,65.44956
2749,67.64661
2750,70.71923
2751,71.82834
2752,70.32577
2753,69.500626
2754,69.41765
2755,69.33516
2756,68.99654
2757,68.10498
2758,68.25412
2759,69.1215
2760,70.66446
2761,70.025505
2762,67.07127
2763,65.93434
2764,65.45704
2765,70.98007
2766,75.59594
2767,70.67325
2768,67.230385
2769,67.353035
2770,69.40428
2771,72.90669
2772,74.09952
2773,73.6543
2774,72.81086
2775,71.679695
2776,70.96638
2777,73.56486
2778,76.95928
2779,77.77635
2780,69.40772
2781,68.7275
2782,69.319016
2783,70.92006
2784,73.34447
2785,73.59108
2786,74.04445
2787,73.52238
2788,72.21943
2789,73.0843
2790,73.23339
2791,73.54264
2792,71.98891
2793,69.67155
2794,69.28209
2795,68.52451
2796,69.66712
2797,72.277214
2798,70.695564
2799,68.98813
2800,68.42421
2801,68.91655
2802,69.163994
2803,67.54522
2804,66.52653
2805,67.008865
2806,71.8768
2807,73.91988
2808,73.62085
2809,67.211494
2810,66.76198
2811,68.93034
2812,68.761154
2813,69.03481
2814,71.31729
2815,71.94982
2816,70.2956
2817,66.16625
2818,65.3883
2819,64.42482
2820,63.66444
2821,63.04604
2822,62.505314
2823,61.953197
2824,61.508472
2825,61.325478
2826,61.158485
2827,60.95663
2828,60.543835
2829,60.517696
2830,60.243145
2831,60.29286
2832,60.152077
2833,59.82112
2834,59.39633
2835,59.406258
2836,59.251133
2837,59.32751
2838,61.115963
2839,59.822056
2840,59.578407
2841,59.251003
2842,59.182766
2843,58.811188
2844,59.075367
2845,59.310368
2846,59.587383
2847,59.717476
2848,58.788773
2849,58.889786
2850,58.893646
2851,58.844925
2852,58.711582
2853,58.99291
2854,58.81006
2855,59.72995
2856,59.26213
2857,60.47531
2858,59.509884
2859,60.216667
2860,59.795692
2861,59.128616
2862,58.814407
2863,58.615124
2864,58.073086
2865,57.892365
2866,58.015137
2867,58.43414
2868,58.039173
2869,58.568542
2870,58.77043
2871,58.965714
2872,59.215225
2873,59.826332
2874,63.70275
2875,59.525997
2876,59.5445
2877,59.913303
2878,59.872597
2879,59.348957
2880,59.295937
2881,59.58416
2882,59.217327
2883,59.300667
2884,59.6694
2885,59.688057
2886,59.308422
2887,62.539795
2888,68.06961
2889,72.01443
2890,74.96788
2891,76.6255
2892,79.17283
2893,80.01508
2894,79.63376
2895,76.82679
2896,73.096535
2897,70.87797
2898,71.76635
2899,74.53303
2900,76.517204
2901,78.74342
2902,78.905624
2903,78.486435
2904,76.15616
2905,75.054184
2906,74.82459
2907,77.02951
2908,78.4788
2909,77.697014
2910,74.18703
2911,74.216156
2912,77.043724
2913,78.23092
2914,79.19886
2915,78.96647
2916,78.39206
2917,78.751526
2918,79.745346
2919,79.931366
2920,79.29726
2921,78.61561
2922,76.911606
2923,75.05159
2924,74.93031
2925,72.23306
2926,71.12984
2927,70.41979
2928,74.278076
2929,75.39062
2930,74.51495
2931,74.57893
2932,74.83524
2933,72.99057
2934,70.593254
2935,70.70681
2936,70.83618
2937,69.69047
2938,68.25769
2939,69.76343
2940,69.81346
2941,66.07851
2942,67.130394
2943,66.614655
2944,65.65356
2945,71.298904
2946,74.75506
2947,76.35435
2948,75.47777
2949,74.20376
2950,73.42795
2951,71.95449
2952,70.3105
2953,70.01145
2954,70.30752
2955,71.26139
2956,69.78535
2957,79.9909
2958,80.49561
2959,75.0553
2960,69.52753
2961,75.03572
2962,77.613594
2963,71.87292
2964,68.680534
2965,67.37149
2966,66.40633
2967,65.570816
2968,64.73863
2969,64.021
2970,64.24576
2971,63.268826
2972,62.54763
2973,62.790726
2974,62.847942
2975,61.963295
2976,61.79257
2977,61.93798
2978,61.505478
2979,61.045303
2980,61.391598
2981,60.61091
2982,60.172443
2983,60.316036
2984,61.306995
2985,62.96795
2986,60.444244
2987,60.31027
2988,60.18452
2989,59.643574
2990,59.33851
2991,59.149532
2992,59.27876
2993,58.820816
2994,58.90113
2995,58.488518
2996,58.412697
2997,58.165035
2998,58.143578
2999,58.110424
3000,58.10618
3001,58.781815
3002,58.27134
3003,58.308903
3004,58.63498
3005,58.611233
3006,58.992695
3007,58.890884
3008,58.950672
3009,59.006172
3010,58.80624
3011,59.161617
3012,59.61801
3013,59.572136
3014,59.684628
3015,61.04597
3016,59.745094
3017,59.556976
3018,59.84918
3019,60.71864
3020,59.307056
3021,58.911194
3022,58.875927
3023,58.854607
3024,58.976486
3025,59.4483
3026,58.621178
3027,58.32464
3028,58.56776
3029,58.64737
3030,59.68288
3031,59.7312
3032,60.28601
3033,60.80831
3034,60.174862
3035,60.022465
3036,59.77072
3037,59.387722
3038,59.484756
3039,59.889694
3040,64.6109
3041,65.9081
3042,64.828415
3043,65.87934
3044,64.46393
3045,61.733273
3046,61.16505
3047,60.772404
3048,60.779964
3049,60.54058
3050,63.933926
3051,64.34541
3052,62.242546
3053,63.911945
3054,62.515503
3055,63.42669
3056,64.75722
3057,64.333725
3058,62.329304
3059,61.56233
3060,60.66591
3061,59.915836
3062,59.36003
3063,59.674103
3064,58.824062
3065,59.42529
3066,59.465927
3067,59.7519
3068,60.598553
3069,59.428856
3070,59.14194
3071,58.52761
3072,61.29673
3073,59.85733
3074,60.16402
3075,62.513294
3076,59.392715
3077,59.652813
3078,58.83201
3079,59.324142
3080,59.455963
3081,59.927578
3082,60.7138
3083,63.027847
3084,65.23086
3085,67.04489
3086,62.5936
3087,60.85629
3088,60.571808
3089,62.22727
3090,60.850956
3091,58.90545
3092,61.547028
3093,58.619617
3094,59.41327
3095,58.861637
3096,60.04036
3097,61.54525
3098,64.00311
3099,62.837738
3100,59.165157
3101,59.59044
3102,60.115147
3103,59.251118
3104,61.566467
3105,58.96161
3106,58.44498
3107,60.290085
3108,59.019337
3109,58.407284
3110,58.4153
3111,58.513172
3112,62.61517
3113,62.87629
3114,59.28614
3115,58.969276
3116,58.89597
3117,59.83813
3118,59.590508
3119,63.97876
3120,59.416115
3121,59.791035
3122,58.383602
3123,58.698627
3124,58.28769
3125,57.86328
3126,57.621346
3127,57.589554
3128,57.106358
3129,58.1703
3130,58.541553
3131,58.046204
3132,57.785786
3133,57.786407
3134,58.304382
3135,59.065178
3136,58.98355
3137,61.41611
3138,58.543575
3139,58.582314
3140,59.410004
3141,60.268856
3142,58.716503
3143,58.297
3144,58.04477
3145,57.808723
3146,57.69518
3147,58.052944
3148,58.891617
3149,63.646236
3150,62.27438
3151,59.820427
3152,59.143776
3153,59.48383
3154,58.298687
3155,58.214127
3156,58.92495
3157,58.182632
3158,58.493122
3159,58.12364
3160,58.11602
3161,59.26353
3162,61.46837
3163,60.78572
3164,58.368942
3165,58.315605
3166,58.223454
3167,59.197556
3168,59.439972
3169,58.5718
3170,58.369514
3171,58.338596
3172,59.601303
3173,59.95641
3174,59.557728
3175,59.137184
3176,59.399906
3177,60.792194
3178,59.192074
3179,59.244736
3180,59.104286
3181,58.784367
3182,58.13083
3183,58.659
3184,61.050854
3185,60.985645
3186,59.396774
3187,59.35417
3188,60.589203
3189,58.52561
3190,60.12679
3191,61.689243
3192,59.637936
3193,62.75753
3194,62.21797
3195,60.51861
3196,60.659348
3197,62.004074
3198,60.726517
3199,60.067295
3200,59.08088
3201,58.546764
3202,58.366154
3203,58.39259
3204,58.206337
3205,57.984486
3206,59.775417
3207,61.718555
3208,61.955658
3209,60.96233
3210,60.20931
3211,60.186985
3212,59.943188
3213,58.943237
3214,58.72556
3215,57.77818
3216,60.019665
3217,59.054657
3218,58.687218
3219,59.725502
3220,60.458645
3221,60.42192
3222,59.336803
3223,59.590282
3224,64.04723
3225,62.994373
3226,60.57091
3227,60.37156
3228,61.86815
3229,62.6552
3230,59.110886
3231,60.160587
3232,59.67239
3233,61.73492
3234,62.44979
3235,64.57322
3236,63.134666
3237,60.804245
3238,68.27675
3239,61.51241
3240,60.157486
3241,63.9652
3242,64.79992
3243,65.50943
3244,65.68959
3245,68.31874
3246,62.354565
3247,64.23705
3248,60.83602
3249,60.037033
3250,61.75479
3251,60.010452
3252,59.191597
3253,60.156555
3254,62.783592
3255,62.505554
3256,60.085037
3257,60.493694
3258,63.6387
3259,65.01298
3260,59.97367
3261,59.59935
3262,59.71524
3263,61.80997
3264,60.659187
3265,62.127647
3266,64.22977
3267,60.4443
3268,62.86987
3269,60.78557
3270,59.303608
3271,65.568115
3272,59.480564
3273,60.297993
3274,62.206474
3275,59.74591
3276,60.278885
3277,63.931145
3278,59.496994
3279,61.28502
3280,58.58026
3281,58.462326
3282,58.553383
3283,58.61063
3284,58.843388
3285,60.42256
3286,61.232
3287,60.617477
3288,60.51024
3289,61.667263
3290,61.086147
3291,60.599472
3292,63.96979
3293,72.83811
3294,72.16513
3295,71.30941
3296,68.51116
3297,65.48513
3298,63.590904
3299,63.434208
3300,65.40986
3301,67.32631
3302,66.04241
3303,72.14475
3304,72.82286
3305,73.066765
3306,73.737595
3307,77.01925
3308,76.054306
3309,74.977135
3310,79.648186
3311,80.61464
3312,79.839905
3313,77.18941
3314,73.73739
3315,71.88313
3316,71.391754
3317,70.78066
3318,69.64692
3319,74.22013
3320,81.245346
3321,82.84003
3322,84.90126
3323,84.95453
3324,74.70562
3325,76.17392
3326,77.390465
3327,76.39502
3328,75.56423
3329,78.23718
3330,76.91242
3331,73.76923
3332,75.3497
3333,75.303116
3334,72.00685
3335,70.82546
3336,70.55852
3337,71.46974
3338,73.151276
3339,73.52565
3340,72.60339
3341,71.829636
3342,71.9542
3343,70.69036
3344,72.880714
3345,73.60312
3346,74.730606
3347,76.1357
3348,72.19565
3349,68.76866
3350,68.550575
3351,68.54633
3352,67.418945
3353,67.78509
3354,67.378365
3355,68.86368
3356,68.37624
3357,66.91073
3358,67.49316
3359,68.06527
3360,67.22832
3361,66.43323
3362,66.65378
3363,66.8471
3364,68.20636
3365,68.55442
3366,69.92612
3367,69.64363
3368,69.97355
3369,68.94443
3370,72.08676
3371,69.711716
3372,67.558395
3373,66.98781
3374,66.08516
3375,65.02329
3376,64.34314
3377,65.55529
3378,66.03203
3379,66.85552
3380,67.83879
3381,68.88905
3382,68.833916
3383,70.96782
3384,71.87199
3385,67.409065
3386,65.14815
3387,64.98878
3388,64.04725
3389,63.403954
3390,62.914192
3391,62.39816
3392,62.049603
3393,65.05394
3394,62.625175
3395,62.057568
3396,61.70025
3397,60.948288
3398,60.422707
3399,59.85209
3400,59.896225
3401,59.458477
3402,59.38115
3403,61.8582
3404,65.59939
3405,66.62969
3406,66.893616
3407,66.469086
3408,66.53568
3409,65.53909
3410,64.77159
3411,66.75928
3412,66.506775
3413,63.954365
3414,64.33989
3415,64.41935
3416,63.919403
3417,63.490913
3418,63.02593
3419,62.585117
3420,62.239513
3421,62.785027
3422,64.07582
3423,65.65942
3424,63.59198
3425,62.937157
3426,63.133347
3427,63.359306
3428,63.558697
3429,64.436455
3430,65.35091
3431,67.71954
3432,66.30569
3433,64.8357
3434,63.323727
3435,63.268772
3436,62.694393
3437,62.878586
3438,63.273827
3439,64.45839
3440,62.819267
3441,65.91895
3442,66.20982
3443,63.25744
3444,63.11663
3445,62.92885
3446,62.997047
3447,77.60501
3448,79.39635
3449,81.406685
3450,82.74707
3451,84.02306
3452,84.69739
3453,85.43232
3454,86.34458
3455,87.32294
3456,88.82535
3457,91.6538
3458,95.17133
3459,96.8292
3460,99.57311
3461,100.78693
3462,97.133835
3463,90.896965
3464,89.958565
3465,88.71469
3466,85.26221
3467,80.81125
3468,77.57145
3469,76.113594
3470,81.51218
