,Breathing Depth
0,4.7113547
1,4.8208156
2,4.6481385
3,4.289185
4,4.547704
5,4.3872857
6,4.3512836
7,4.149135
8,3.9840353
9,3.9014866
10,3.7939925
11,3.7251863
12,3.6516902
13,4.2222915
14,4.412485
15,4.395806
16,4.319229
17,4.147421
18,4.1909475
19,4.792184
20,4.520462
21,4.6750207
22,4.6450315
23,4.4605775
24,6.0466475
25,5.109397
26,5.5387697
27,4.90777
28,4.509994
29,4.4691734
30,4.2564025
31,4.332354
32,4.491979
33,4.367337
34,4.248305
35,4.0944667
36,4.0877967
37,4.5299625
38,4.6819844
39,4.8230443
40,4.6777387
41,4.1704955
42,4.236183
43,4.5766034
44,5.0083427
45,4.613457
46,8.805566
47,13.704914
48,8.89118
49,5.4690433
50,5.1583858
51,5.039231
52,5.0044055
53,4.8077416
54,4.4962835
55,4.315896
56,4.702013
57,4.6208367
58,4.333646
59,4.1212125
60,3.9619315
61,3.9315865
62,3.8374133
63,3.9487498
64,3.999709
65,4.1925263
66,3.9908829
67,4.945637
68,4.704169
69,4.431186
70,4.3737807
71,4.263836
72,4.2181716
73,4.058094
74,3.7983463
75,4.0480003
76,3.9497204
77,3.7957246
78,3.822666
79,4.1326075
80,4.01506
81,3.8433921
82,4.128227
83,4.170974
84,4.2426567
85,3.8672106
86,3.6307414
87,4.2420325
88,4.309883
89,4.054729
90,3.998704
91,4.195664
92,4.4680247
93,4.299553
94,4.230952
95,4.1566067
96,4.095458
97,4.2090936
98,4.174694
99,4.1040225
100,3.869479
101,3.8766477
102,3.9240146
103,3.941592
104,3.618804
105,3.5903485
106,3.503417
107,3.9252365
108,3.7349615
109,4.304143
110,4.0733986
111,4.236841
112,4.6434
113,4.0316014
114,4.237032
115,4.2409735
116,4.756441
117,4.2843456
118,4.3370476
119,4.606207
120,4.357763
121,5.6545815
122,5.208366
123,4.7052393
124,4.5173063
125,4.9629803
126,6.021576
127,5.0326777
128,5.862088
129,5.3426037
130,4.9856462
131,4.9230924
132,5.2255216
133,5.0833845
134,4.8926573
135,4.740437
136,4.992757
137,5.171142
138,5.235255
139,5.859757
140,12.943643
141,5.5606713
142,5.226525
143,5.223026
144,5.2971497
145,5.9281826
146,5.6711063
147,6.202838
148,5.6177826
149,5.7026715
150,5.654802
151,5.8938293
152,6.2706265
153,5.9645047
154,5.694028
155,5.664213
156,5.952916
157,5.457981
158,5.3989825
159,5.5289326
160,5.3256536
161,9.104755
162,6.647011
163,13.643095
164,6.622809
165,6.071905
166,6.1021166
167,5.847977
168,5.526499
169,5.8295155
170,5.7071395
171,5.7504363
172,5.8217235
173,5.71588
174,5.58421
175,5.3893423
176,5.567654
177,5.881917
178,6.8785243
179,5.9397917
180,5.473879
181,5.623107
182,5.488578
183,5.5034995
184,5.823468
185,10.110064
186,6.428699
187,5.7733226
188,5.8846335
189,5.8973565
190,5.7485704
191,5.775271
192,5.7398186
193,5.6015615
194,5.9308443
195,5.5715656
196,5.449913
197,5.1743956
198,5.1386127
199,5.502017
200,5.4162436
201,5.5772724
202,5.8736796
203,5.534123
204,6.5627885
205,5.436301
206,5.4024196
207,8.397224
208,5.97826
209,5.5400424
210,5.1694984
211,5.05056
212,5.3345037
213,5.241449
214,5.0018234
215,4.675794
216,7.71067
217,5.613763
218,5.577507
219,5.281998
220,5.099906
221,5.4046626
222,9.907449
223,5.8786435
224,5.9467564
225,5.416211
226,5.2081537
227,5.57341
228,13.623085
229,6.1692095
230,5.45767
231,5.7091565
232,5.5988474
233,5.778465
234,5.326354
235,5.1735682
236,9.062305
237,7.0589795
238,6.556013
239,5.5490665
240,5.7889113
241,5.732381
242,6.7439003
243,8.967175
244,5.858018
245,8.564294
246,5.7393994
247,7.436873
248,5.697169
249,5.38616
250,5.952352
251,7.343372
252,8.631396
253,9.336642
254,6.033729
255,5.611405
256,5.6288867
257,5.3825073
258,6.0025573
259,6.5854325
260,8.901956
261,7.0720673
262,5.976536
263,5.6022468
264,7.3436093
265,6.5257893
266,14.123517
267,7.8715086
268,6.3238897
269,8.433636
270,6.2355924
271,6.105326
272,7.014485
273,6.3301315
274,5.7722178
275,5.8489795
276,6.0296063
277,5.6150503
278,5.2218285
279,5.330451
280,5.6804523
281,5.552093
282,5.318884
283,5.3099756
284,5.2210674
285,6.336416
286,5.5124335
287,5.3062634
288,5.540172
289,5.7707415
290,5.3357315
291,5.329921
292,5.022378
293,4.9136987
294,5.3834624
295,5.0006647
296,5.0391417
297,4.89912
298,4.716366
299,4.694192
300,4.8695736
301,4.661135
302,4.5779824
303,4.4748573
304,4.390234
305,4.3259478
306,4.2341905
307,4.0043573
308,4.3888817
309,4.4378424
310,5.1135287
311,4.9166336
312,5.583802
313,5.296922
314,4.6154933
315,4.6357613
316,4.2911634
317,5.6657767
318,6.587777
319,5.2789345
320,4.7980957
321,4.6830406
322,4.6911435
323,4.6550097
324,4.5180116
325,4.7671223
326,4.801419
327,4.5773487
328,4.438587
329,4.4128075
330,4.2721963
331,4.4296055
332,4.483521
333,4.2760344
334,4.906681
335,4.5739903
336,4.661309
337,4.372808
338,4.3642144
339,4.3695107
340,4.6315722
341,4.556628
342,4.522283
343,4.9081144
344,4.577602
345,4.437763
346,4.3442965
347,4.584419
348,4.4842343
349,4.3873515
350,4.2208714
351,4.2414355
352,3.8614774
353,3.8540466
354,4.0243835
355,4.09736
356,3.9709482
357,3.9695327
358,3.9045618
359,4.1230216
360,3.9115498
361,3.8163733
362,3.9643216
363,3.9670541
364,4.2807064
365,3.9378366
366,3.9389968
367,4.020832
368,4.571167
369,4.144104
370,8.561484
371,6.5280905
372,4.9176235
373,4.877332
374,5.0623918
375,10.34661
376,5.749535
377,5.067458
378,4.9840446
379,4.9602356
380,5.118078
381,5.123972
382,4.8956323
383,4.6124954
384,4.489142
385,6.9333067
386,5.2656097
387,5.3401613
388,10.951888
389,6.318412
390,5.160584
391,5.401484
392,5.048045
393,5.6494555
394,6.58115
395,6.7060156
396,5.763539
397,5.6540546
398,5.555782
399,5.2228765
400,7.7773714
401,10.982517
402,5.42363
403,5.369952
404,6.4027233
405,5.8990803
406,5.357214
407,8.127387
408,5.9563513
409,5.390905
410,5.1852756
411,5.418157
412,6.298136
413,5.467629
414,5.6194673
415,5.515493
416,6.412949
417,5.6798873
418,6.164358
419,6.2885194
420,5.6999955
421,6.424391
422,6.0189795
423,6.3689113
424,5.7019544
425,6.7616596
426,6.8424997
427,8.511318
428,8.204102
429,7.9208794
430,6.108009
431,6.570534
432,7.2281103
433,6.311358
434,5.829475
435,6.4189286
436,5.9691324
437,5.5299582
438,6.9924593
439,5.6595473
440,5.563697
441,5.420765
442,5.374491
443,5.4319024
444,8.2790575
445,5.972786
446,5.5159764
447,6.0431848
448,5.796177
449,5.363841
450,5.013605
451,5.088891
452,5.4100595
453,5.3936787
454,5.5719113
455,5.255386
456,6.4673424
457,5.3498316
458,5.356729
459,6.537397
460,6.2888985
461,5.962577
462,5.845416
463,6.952454
464,8.85329
465,9.265181
466,5.9687414
467,5.7077975
468,5.353306
469,6.9088936
470,5.9824514
471,5.478152
472,5.5668836
473,5.060275
474,5.0880437
475,5.065115
476,5.2446194
477,5.8383384
478,5.2401233
479,6.3442087
480,6.060648
481,5.300843
482,5.3980036
483,5.0944395
484,5.2320046
485,5.077556
486,4.823191
487,4.7622824
488,5.6506763
489,5.0557895
490,5.1351523
491,4.9230494
492,4.622031
493,4.6636257
494,4.72497
495,5.2314777
496,4.801234
497,4.7825913
498,5.135773
499,5.214605
500,4.916751
501,5.1081653
502,4.9575186
503,6.1421604
504,5.2339563
505,4.9557366
506,4.681679
507,5.1031995
508,4.8642216
509,4.785379
510,4.699777
511,4.462347
512,4.480649
513,4.285439
514,4.200178
515,4.0617623
516,4.0803394
517,4.335463
518,4.356632
519,4.214521
520,4.0905013
521,4.12638
522,4.2453866
523,4.294635
524,4.3081546
525,4.192415
526,4.200121
527,3.9182973
528,3.750498
529,3.4276268
530,5.4141355
531,4.3781877
532,3.8571055
533,3.5386968
534,3.3380272
535,3.458587
536,3.391997
537,3.3598456
538,5.2873793
539,5.2137685
540,4.3855724
541,3.9517543
542,3.856557
543,4.3630996
544,4.299642
545,3.8585691
546,3.8966928
547,3.7337453
548,3.6439416
549,3.4257956
550,3.3782413
551,3.3641722
552,5.432745
553,4.478835
554,4.3132577
555,3.8526554
556,4.6032853
557,4.606923
558,4.2170296
559,3.9390705
560,4.3429446
561,4.2239046
562,4.039513
563,4.65208
564,4.4493747
565,4.3174543
566,3.8880818
567,3.796101
568,3.9701443
569,4.1360674
570,3.930596
571,4.02152
572,4.2589855
573,4.3067384
574,4.149456
575,3.8898158
576,3.9314551
577,3.8968463
578,3.7658117
579,3.5617838
580,4.197874
581,4.671803
582,4.5080795
583,4.086552
584,3.6869671
585,3.679678
586,3.8237667
587,4.2420444
588,4.904473
589,4.2946196
590,3.9583964
591,4.2216873
592,4.0430455
593,4.494865
594,3.9960244
595,3.9904265
596,4.480042
597,4.0517964
598,3.9654253
599,3.8533337
600,3.826962
601,3.9558063
602,3.7640698
603,3.6913862
604,3.7417543
605,3.5586507
606,3.3219454
607,3.5092487
608,3.7405221
609,3.7094352
610,4.0780544
611,4.0792804
612,3.8330712
613,3.773251
614,3.8160012
615,4.037288
616,3.727553
617,3.5167956
618,3.3644245
619,4.155917
620,3.9699326
621,3.5334861
622,4.723898
623,4.1576133
624,3.674674
625,3.9519966
626,3.9739103
627,3.756011
628,4.799782
629,4.162143
630,3.920817
631,4.1537867
632,3.87904
633,3.9610527
634,4.429061
635,4.5641375
636,4.1813335
637,4.267384
638,4.6208005
639,4.3090377
640,4.1185493
641,4.1336126
642,4.0184026
643,3.7999375
644,4.2220287
645,3.9962344
646,4.17619
647,4.1644545
648,4.176767
649,4.740363
650,4.3912606
651,4.3513474
652,4.281431
653,4.202858
654,4.2596226
655,4.642227
656,4.484223
657,4.406153
658,4.728366
659,4.52535
660,4.2639804
661,4.2116337
662,4.3382
663,4.2612247
664,4.261898
665,4.1780443
666,4.2138476
667,4.4568496
668,4.6999764
669,7.184002
670,5.180043
671,4.693304
672,5.3895655
673,4.9141064
674,11.113717
675,5.5924807
676,7.763004
677,5.673431
678,4.992277
679,4.881562
680,4.817783
681,4.5572124
682,4.5348296
683,5.3041286
684,4.892598
685,5.118503
686,4.7150393
687,4.8153596
688,4.9578915
689,4.847556
690,4.6254287
691,4.532018
692,4.599679
693,4.624004
694,4.477053
695,4.5090528
696,4.720769
697,5.1669345
698,6.9852424
699,6.0593405
700,5.1798396
701,5.197403
702,5.201171
703,4.9991684
704,4.998176
705,4.821286
706,4.7037745
707,5.375855
708,5.0889835
709,5.0530753
710,5.3586287
711,5.4061074
712,5.2010922
713,5.131295
714,5.5612674
715,5.409705
716,5.1260204
717,5.274851
718,5.0877333
719,4.6170154
720,4.861419
721,4.6988883
722,4.728326
723,4.541545
724,4.469785
725,5.0846286
726,5.0570354
727,5.05903
728,4.7416077
729,5.095676
730,4.907425
731,5.153022
732,5.256078
733,4.9493513
734,4.8553042
735,5.23031
736,4.802965
737,4.4460216
738,4.282856
739,4.0612516
740,4.1424484
741,4.336648
742,4.7780013
743,4.8880796
744,5.1095104
745,4.9917173
746,4.935762
747,4.746389
748,4.5276327
749,4.7452445
750,4.8703437
751,4.6175327
752,4.8390117
753,8.014716
754,5.332221
755,5.378494
756,4.8650484
757,4.6025453
758,4.823645
759,4.9521785
760,5.249077
761,8.109263
762,5.753879
763,5.3032923
764,5.201394
765,4.8916435
766,4.5985265
767,4.955826
768,5.040256
769,4.741892
770,4.6790495
771,4.9274626
772,5.2787986
773,5.0165553
774,4.9499645
775,4.8434863
776,4.7280474
777,5.3903575
778,5.157342
779,10.131421
780,5.737262
781,5.5081453
782,5.261625
783,5.602674
784,5.5641594
785,5.071753
786,4.8683944
787,4.7769814
788,4.7056484
789,4.519089
790,5.1551476
791,4.7776356
792,5.50615
793,5.400024
794,5.1153407
795,5.0289497
796,4.881082
797,5.0827446
798,5.2554193
799,4.9578776
800,5.3207645
801,5.2128386
802,5.407206
803,6.1831045
804,5.0756936
805,5.244315
806,5.517462
807,5.1530385
808,4.998648
809,5.248015
810,9.127939
811,5.563928
812,5.166074
813,5.643399
814,6.1369934
815,5.290648
816,5.2540035
817,13.591966
818,7.510514
819,5.7005377
820,5.765497
821,6.190922
822,5.53684
823,5.1378765
824,6.060605
825,5.763881
826,5.746541
827,6.0120835
828,7.4086175
829,6.726926
830,6.252598
831,5.75561
832,6.1521645
833,12.888163
834,5.9808207
835,6.1364155
836,9.512856
837,7.094739
838,13.738882
839,11.473578
840,6.307057
841,6.654442
842,6.443248
843,5.9223742
844,5.582126
845,5.485411
846,5.3444276
847,7.4746957
848,5.5507803
849,5.227931
850,5.1958804
851,5.14127
852,5.0333295
853,4.937807
854,4.751449
855,4.699481
856,5.4375668
857,7.047349
858,8.134841
859,6.154193
860,5.5992465
861,5.832145
862,5.297031
863,5.4869733
864,5.134053
865,4.8595695
866,4.801987
867,4.5622635
868,4.6241374
869,4.588016
870,4.663302
871,4.645633
872,4.5403914
873,4.3312807
874,4.084105
875,4.2034187
876,3.9859695
877,5.3555484
878,4.6224494
879,4.3941574
880,4.458961
881,4.463281
882,4.3790884
883,4.209374
884,4.067397
885,4.0429254
886,4.095307
887,4.1281996
888,3.9113913
889,3.8430836
890,3.7657087
891,3.5857959
892,3.6754012
893,4.098216
894,4.6287875
895,4.110063
896,4.101532
897,5.068997
898,4.6441464
899,4.5754166
900,4.256154
901,4.0929284
902,4.9269223
903,4.282458
904,4.651804
905,4.759829
906,4.348127
907,4.33953
908,3.9373343
909,3.7970865
910,4.9232287
911,4.71363
912,4.469613
913,4.1031046
914,4.016647
915,3.8239977
916,4.054418
917,5.6660056
918,4.6665287
919,4.604218
920,4.5772796
921,4.692051
922,4.4408183
923,4.29686
924,4.2518167
925,4.4020343
926,4.435055
927,4.3112755
928,5.5631337
929,4.5117273
930,4.517598
931,4.226154
932,4.438584
933,4.479081
934,4.4197917
935,4.563978
936,4.4452906
937,4.191896
938,4.19815
939,4.540491
940,4.4690948
941,4.294356
942,4.060596
943,4.166161
944,4.198345
945,4.236763
946,4.3747354
947,4.683883
948,4.3427143
949,4.238376
950,3.9574082
951,4.260254
952,4.3307295
953,4.255689
954,4.1056323
955,4.2604213
956,4.1634054
957,4.3146176
958,4.0655265
959,3.9955347
960,4.034651
961,4.0270143
962,3.8650913
963,3.5808632
964,3.6344986
965,3.6826801
966,3.6609082
967,3.4675612
968,3.8353918
969,3.5319924
970,3.8877256
971,3.774239
972,4.1257915
973,3.913355
974,4.234346
975,4.6712604
976,4.383494
977,4.3023815
978,4.0108542
979,4.0519824
980,3.8173268
981,4.1419935
982,4.214688
983,4.162357
984,4.2509756
985,4.0346723
986,3.8814297
987,3.8762004
988,3.8845055
989,3.809695
990,4.0184207
991,4.0052023
992,3.832419
993,3.862567
994,3.9025142
995,3.8159666
996,3.8043694
997,3.5607662
998,3.854024
999,4.6197357
1000,4.0861726
1001,3.9449956
1002,3.9879413
1003,3.8616965
1004,4.005889
1005,4.343983
1006,4.2802725
1007,3.9737966
1008,3.978036
1009,3.8734212
1010,3.929536
1011,3.9070086
1012,4.378551
1013,4.299828
1014,4.131022
1015,10.741826
1016,5.033596
1017,5.064181
1018,8.737614
1019,5.1510696
1020,4.703384
1021,4.597366
1022,4.537105
1023,4.668909
1024,4.4499397
1025,4.832678
1026,4.7815065
1027,4.6907296
1028,5.028351
1029,4.852292
1030,4.538847
1031,4.599483
1032,4.505498
1033,4.434654
1034,7.846982
1035,4.9020944
1036,5.167837
1037,4.9405236
1038,5.3968716
1039,5.38211
1040,4.9363494
1041,4.832053
1042,4.845041
1043,5.1972075
1044,4.614956
1045,4.371694
1046,4.6003184
1047,5.420277
1048,4.887639
1049,4.716091
1050,4.655611
1051,4.773969
1052,4.5071354
1053,4.475908
1054,4.4727225
1055,4.4585376
1056,4.4422355
1057,4.567862
1058,4.7429256
1059,4.6694946
1060,4.7289033
1061,4.49755
1062,4.6384478
1063,4.969045
1064,4.9772096
1065,5.026096
1066,4.825265
1067,4.790068
1068,4.673619
1069,4.7288475
1070,5.3498487
1071,5.335451
1072,6.1910863
1073,5.08007
1074,4.815493
1075,4.9803715
1076,5.2180347
1077,5.1786475
1078,5.4245777
1079,5.5839715
1080,5.345699
1081,5.4252963
1082,5.168588
1083,5.2341805
1084,5.313146
1085,5.1092377
1086,4.8343444
1087,4.8086543
1088,4.880128
1089,4.9870796
1090,4.8728657
1091,4.8872576
1092,4.7969084
1093,4.7376146
1094,4.5914087
1095,4.4904876
1096,4.6244974
1097,4.5632315
1098,4.583836
1099,4.481242
1100,4.5407786
1101,4.491788
1102,4.192799
1103,9.328385
1104,5.065162
1105,4.888743
1106,4.443659
1107,5.018263
1108,5.720689
1109,4.8427644
1110,4.6583567
1111,4.785276
1112,7.1781793
1113,5.5425496
1114,10.7315445
1115,6.8252
1116,13.974174
1117,8.756125
1118,5.820654
1119,5.840251
1120,9.831595
1121,7.720344
1122,7.457184
1123,13.475246
1124,7.645518
1125,8.859446
1126,7.3400793
1127,6.7338176
1128,6.267697
1129,5.654355
1130,5.7201624
1131,10.142861
1132,6.279252
1133,5.951597
1134,6.3229504
1135,5.7690835
1136,5.5836887
1137,5.4535556
1138,5.3722534
1139,5.6624966
1140,6.2052083
1141,5.632092
1142,5.4750476
1143,5.560183
1144,5.6988015
1145,6.3203306
1146,5.6110816
1147,5.2120824
1148,4.918997
1149,5.0074687
1150,4.97141
1151,5.486737
1152,5.9966893
1153,5.6889586
1154,5.460566
1155,5.257219
1156,5.3561378
1157,4.8511486
1158,5.060555
1159,4.989182
1160,5.008178
1161,5.2694826
1162,5.0697165
1163,5.2770996
1164,5.2325764
1165,4.79169
1166,4.5834327
1167,4.6527615
1168,4.851588
1169,4.6113534
1170,4.606883
1171,4.819692
1172,4.549591
1173,4.3593526
1174,4.380042
1175,4.4464297
1176,4.4046702
1177,4.289966
1178,4.003353
1179,4.3276267
1180,6.7071714
1181,5.4750957
1182,5.0387006
1183,4.841803
1184,4.769199
1185,4.6065598
1186,4.899261
1187,4.58947
1188,4.550285
1189,6.431976
1190,5.2292566
1191,4.936282
1192,5.114
1193,4.9223084
1194,5.180702
1195,5.5403776
1196,4.8048334
1197,9.198031
1198,13.58182
1199,5.93603
1200,5.685664
1201,5.1452684
1202,4.9796047
1203,5.0127687
1204,5.4134784
1205,5.4608774
1206,5.285288
1207,5.0145907
1208,5.0061474
1209,4.7382765
1210,4.690519
1211,4.5545216
1212,4.893996
1213,5.1316066
1214,4.816116
1215,4.9918733
1216,4.859472
1217,4.910171
1218,4.854036
1219,5.2617755
1220,4.5470095
1221,5.553935
1222,5.0888615
1223,5.0691347
1224,8.250294
1225,5.5736084
1226,5.2882996
1227,5.3444934
1228,5.367022
1229,5.0650644
1230,5.3307753
1231,5.162866
1232,10.637126
1233,8.805543
1234,5.4470177
1235,5.2943363
1236,4.980065
1237,5.2298126
1238,5.2825527
1239,5.1561112
1240,5.0790834
1241,4.602788
1242,4.584522
1243,4.6787343
1244,4.553472
1245,4.6530175
1246,4.767023
1247,4.7780466
1248,4.71535
1249,4.415299
1250,5.093769
1251,5.8993063
1252,5.221323
1253,5.4203725
1254,5.0331216
1255,4.700807
1256,4.696999
1257,5.1024666
1258,4.692666
1259,4.315056
1260,4.5227895
1261,4.4903283
1262,4.434914
1263,4.353276
1264,4.234509
1265,4.0297427
1266,4.0669084
1267,3.8402915
1268,4.195896
1269,4.3086433
1270,4.077807
1271,3.8537982
1272,3.7818007
1273,4.163375
1274,4.628495
1275,4.348931
1276,4.310864
1277,4.24472
1278,4.402239
1279,4.2458487
1280,4.1680756
1281,3.8982415
1282,3.5650833
1283,3.8077703
1284,4.0936
1285,4.060188
1286,4.1357956
1287,4.0971484
1288,3.9433603
1289,3.7888005
1290,3.593721
1291,3.6707535
1292,3.829462
1293,4.6261816
1294,4.1302686
1295,3.885267
1296,3.6744664
1297,3.669865
1298,3.695931
1299,3.643841
1300,3.692081
1301,3.554851
1302,3.3465168
1303,3.19325
1304,3.3450425
1305,3.632665
1306,3.515175
1307,3.4379234
1308,3.368802
1309,3.1620011
1310,3.4159956
1311,7.5262313
1312,4.6715918
1313,4.1544666
1314,3.8285153
1315,3.7196984
1316,4.044681
1317,3.7120123
1318,3.7581923
1319,4.0794687
1320,4.182397
1321,3.7935507
1322,4.4956164
1323,4.178502
1324,4.040985
1325,4.1164536
1326,4.1596055
1327,4.1467233
1328,3.8197446
1329,3.656693
1330,3.5396867
1331,3.5660436
1332,3.3241615
1333,3.2606583
1334,3.7165387
1335,4.0069942
1336,3.8438084
1337,3.6186488
1338,3.6375914
1339,3.858618
1340,3.743795
1341,3.5250962
1342,3.4148185
1343,3.7391229
1344,3.9036384
1345,3.4467404
1346,3.730243
1347,3.8536236
1348,3.786997
1349,4.040672
1350,4.217677
1351,4.1435823
1352,3.8822773
1353,3.601461
1354,3.599816
1355,3.8195777
1356,3.7288642
1357,3.6798298
1358,3.707592
1359,3.4731553
1360,4.683752
1361,4.176492
1362,3.8049307
1363,4.277073
1364,4.157923
1365,4.098645
1366,4.137785
1367,4.0750823
1368,4.1570315
1369,3.9611404
1370,3.773927
1371,3.792746
1372,3.6010973
1373,3.6729424
1374,3.5781085
1375,3.365523
1376,3.4513218
1377,3.644811
1378,3.4904091
1379,3.5044696
1380,3.3799763
1381,3.3317382
1382,3.5572538
1383,4.077456
1384,3.66928
1385,3.5602453
1386,3.7856166
1387,3.7667053
1388,3.4823084
1389,3.4590108
1390,3.552833
1391,3.6277914
1392,3.638422
1393,3.5279613
1394,4.165589
1395,3.8357625
1396,3.932871
1397,3.7059608
1398,3.5787761
1399,3.5882907
1400,3.3386433
1401,3.4849155
1402,3.2875245
1403,3.5553958
1404,3.7131646
1405,3.5726047
1406,3.7175915
1407,4.712247
1408,4.18834
1409,4.0561748
1410,4.249375
1411,4.0892034
1412,3.7661152
1413,4.1562514
1414,4.4171853
1415,4.250059
1416,4.455254
1417,4.051512
1418,3.9542153
1419,3.7514212
1420,3.8304915
1421,4.1280446
1422,4.102424
1423,4.0772805
1424,3.9219592
1425,3.6599398
1426,3.6813664
1427,3.6674068
1428,3.6153622
1429,3.678456
1430,3.3907292
1431,3.4879177
1432,3.813789
1433,3.6677234
1434,3.6546903
1435,3.464486
1436,3.3952003
1437,3.4713273
1438,3.4328413
1439,3.3741434
1440,3.511881
1441,3.406892
1442,3.688393
1443,3.8136847
1444,3.7407513
1445,3.7790902
1446,3.4840634
1447,3.3132071
1448,3.2409227
1449,3.4249933
1450,3.3393853
1451,3.4229116
1452,3.5491
1453,3.46622
1454,3.3818767
1455,3.950999
1456,3.8452184
1457,3.5950823
1458,3.4416244
1459,3.4373057
1460,3.820294
1461,3.6904082
1462,3.4460325
1463,3.8066695
1464,3.550563
1465,3.3405137
1466,3.3740516
1467,3.7520852
1468,3.6486428
1469,3.535109
1470,3.5894356
1471,3.385193
1472,3.3737168
1473,3.5990222
1474,3.5922341
1475,3.4870474
1476,3.6779299
1477,3.5908122
1478,3.5322466
1479,3.605467
1480,3.61668
1481,3.2906942
1482,5.5427322
1483,4.0955215
1484,3.9086332
1485,3.8628144
1486,3.672844
1487,3.7281864
1488,3.655376
1489,3.8738568
1490,3.8430276
1491,3.7655618
1492,3.8354025
1493,3.7094483
1494,4.508588
1495,4.4972806
1496,4.18178
1497,4.0108037
1498,3.9174178
1499,3.988153
1500,4.2948437
1501,4.42177
1502,4.231424
1503,4.3585796
1504,4.1637335
1505,3.826449
1506,3.9689913
1507,3.8992975
1508,3.9245858
1509,3.9066274
1510,3.6895504
1511,6.092177
1512,4.7379847
1513,4.260502
1514,3.8303227
1515,3.9498954
1516,4.012124
1517,3.7445848
1518,3.8999577
1519,3.7039354
1520,8.420493
1521,4.6281238
1522,4.354449
1523,4.07745
1524,4.22295
1525,4.338807
1526,4.078085
1527,3.7419586
1528,3.657307
1529,3.861586
1530,3.904635
1531,4.4476824
1532,4.2405314
1533,4.970066
1534,4.167055
1535,4.2111406
1536,4.2080555
1537,4.083595
1538,4.1962523
1539,4.1796637
1540,4.2181644
1541,4.5133214
1542,4.294197
1543,4.132785
1544,4.015145
1545,4.0688367
1546,3.823952
1547,4.6601
1548,4.425093
1549,4.081225
1550,3.9655151
1551,4.103914
1552,4.011419
1553,4.1457343
1554,4.195587
1555,4.2948112
1556,3.9981756
1557,3.8219807
1558,3.695548
1559,3.8740335
1560,3.9362183
1561,4.03764
1562,3.9875958
1563,4.0773664
1564,4.2988315
1565,3.793643
1566,3.90132
1567,3.954495
1568,3.9096818
1569,4.1059046
1570,3.9479384
1571,4.005414
1572,3.7127886
1573,3.6904995
1574,3.7116747
1575,3.6602433
1576,3.5288577
1577,3.6353693
1578,3.8239586
1579,3.7427852
1580,3.9155934
1581,3.8378854
1582,4.076308
1583,3.883352
1584,3.9128318
1585,3.551106
1586,4.103379
1587,3.7719781
1588,3.8622754
1589,3.8035846
1590,3.7968621
1591,3.8433757
1592,3.8287122
1593,3.5810876
1594,3.5890768
1595,3.648691
1596,3.7269464
1597,3.744522
1598,3.6526601
1599,3.4606202
1600,3.5286589
1601,3.720353
1602,3.7377515
1603,3.6316197
1604,3.8402698
1605,3.821923
1606,3.6952791
1607,3.5396209
1608,3.4294865
1609,3.596392
1610,3.9118896
1611,4.006245
1612,4.100758
1613,3.8805094
1614,3.8528824
1615,3.5256846
1616,4.5117407
1617,4.3449025
1618,4.2671213
1619,4.08071
1620,4.032159
1621,3.9069169
1622,4.1497035
1623,3.9929457
1624,4.107829
1625,4.227045
1626,4.276819
1627,4.172641
1628,4.0911336
1629,3.841125
1630,4.12571
1631,4.796822
1632,5.010118
1633,4.4435883
1634,4.32899
1635,4.5233483
1636,4.101096
1637,5.537693
1638,4.5160756
1639,4.627369
1640,10.371722
1641,5.5241933
1642,9.268978
1643,7.7503786
1644,5.232519
1645,5.0677767
1646,4.9730725
1647,5.1358333
1648,4.904043
1649,4.7519417
1650,5.117502
1651,5.0269003
1652,4.711181
1653,4.969526
1654,4.5677333
1655,4.45273
1656,5.000507
1657,5.052073
1658,4.6866384
1659,4.8599777
1660,4.7350025
1661,5.737931
1662,4.7373185
1663,4.715939
1664,5.2001185
1665,5.076414
1666,5.0960097
1667,4.9874463
1668,5.2450004
1669,4.999174
1670,5.201432
1671,4.8391647
1672,4.8302174
1673,4.958371
1674,5.142692
1675,5.517516
1676,5.0240364
1677,4.94653
1678,5.1679616
1679,5.2101398
1680,5.2880116
1681,6.0666857
1682,5.0463567
1683,5.1420097
1684,5.078713
1685,4.652859
1686,5.2658777
1687,5.008446
1688,4.979683
1689,5.393318
1690,5.980884
1691,5.114716
1692,6.1093874
1693,5.62109
1694,5.334673
1695,5.5643296
1696,4.9645333
1697,5.4639697
1698,5.116059
1699,9.324203
1700,13.738365
1701,6.4185634
1702,6.209449
1703,5.696894
1704,5.3514333
1705,5.2289124
1706,5.0239444
1707,4.926224
1708,13.638437
1709,6.031056
1710,5.4023566
1711,5.1936398
1712,5.041367
1713,5.010355
1714,4.9133153
1715,4.8267274
1716,4.877383
1717,4.8321776
1718,6.7274632
1719,8.928734
1720,5.4418535
1721,7.4803925
1722,5.5068007
1723,5.3460855
1724,5.1378284
1725,7.8002634
1726,8.535038
1727,5.6064553
1728,5.289834
1729,7.0890102
1730,10.556714
1731,7.36706
1732,5.720646
1733,5.5228033
1734,10.216529
1735,5.975721
1736,6.003539
1737,5.617831
1738,5.420942
1739,5.1684203
1740,4.6903057
1741,4.7710986
1742,5.430913
1743,5.007748
1744,5.093615
1745,5.2701383
1746,5.186485
1747,4.821624
1748,5.1711326
1749,5.2518578
1750,4.8724294
1751,4.6952953
1752,5.256759
1753,4.736322
1754,4.7917356
1755,5.2264547
1756,5.0130324
1757,5.139207
1758,4.840913
1759,4.9558344
1760,4.8267326
1761,4.5765944
1762,4.4011345
1763,4.600016
1764,4.640037
1765,6.1606855
1766,5.02784
1767,4.8667693
1768,4.526528
1769,4.446837
1770,4.3080487
1771,4.482259
1772,4.3013587
1773,5.1139874
1774,4.6851287
1775,4.5772038
1776,4.7183905
1777,4.3957586
1778,4.9886236
1779,5.384521
1780,4.980325
1781,4.7127247
1782,4.768213
1783,4.425818
1784,4.51582
1785,4.5378075
1786,4.4828835
1787,5.611589
1788,5.19772
1789,6.203009
1790,6.3577337
1791,5.165736
1792,5.224681
1793,6.0010724
1794,6.757851
1795,8.366539
1796,6.013105
1797,5.2641172
1798,5.6731534
1799,7.9759007
1800,5.432531
1801,5.175887
1802,4.9595923
1803,5.4512906
1804,5.2308497
1805,5.2117453
1806,11.678964
1807,8.284973
1808,5.860182
1809,5.5644345
1810,4.913309
1811,5.0866804
1812,5.784243
1813,5.4756384
1814,5.6443977
1815,5.282218
1816,5.429644
1817,5.8230243
1818,6.178614
1819,5.3298383
1820,5.6711
1821,5.0366306
1822,5.028399
1823,4.834936
1824,5.311366
1825,5.224832
1826,4.858415
1827,4.6994815
1828,5.9095936
1829,5.216911
1830,4.9176345
1831,4.742743
1832,4.546363
1833,4.380737
1834,4.189483
1835,4.209619
1836,4.5268846
1837,4.781046
1838,4.759797
1839,4.948429
1840,4.6856685
1841,4.6205044
1842,4.826711
1843,4.441894
1844,4.181412
1845,4.8399954
1846,4.7460823
1847,4.8616376
1848,4.890721
1849,4.613577
1850,4.8886127
1851,4.5814652
1852,4.4393654
1853,4.13628
1854,4.7912717
1855,4.6488013
1856,4.4519434
1857,4.3550363
1858,4.394087
1859,4.265902
1860,4.004932
1861,4.235926
1862,4.3394737
1863,4.2438965
1864,3.8955643
1865,3.82238
1866,4.49899
1867,4.4112434
1868,4.5995955
1869,6.095148
1870,4.9469295
1871,4.4250526
1872,4.174343
1873,4.526036
1874,4.5390234
1875,4.487875
1876,4.151656
1877,4.3464274
1878,4.1748524
1879,4.4119415
1880,4.2129755
1881,4.086495
1882,4.145364
1883,3.814391
1884,3.679208
1885,3.5765684
1886,3.3752413
1887,3.503426
1888,3.6555185
1889,3.6513002
1890,4.9520087
1891,8.28954
1892,5.17061
1893,4.6780996
1894,4.3214817
1895,4.128337
1896,3.916154
1897,3.825483
1898,3.9301045
1899,4.121586
1900,4.7949705
1901,5.5482144
1902,4.7982717
1903,4.6921425
1904,4.477129
1905,4.4577103
1906,4.0667562
1907,4.271227
1908,4.144082
1909,3.8882189
1910,3.9845352
1911,4.0265675
1912,4.127676
1913,4.3566017
1914,4.415772
1915,4.2319217
1916,4.2434163
1917,4.2298737
1918,3.9580867
1919,3.8112702
1920,3.7763035
1921,3.9703033
1922,4.045565
1923,3.8282275
1924,3.882864
1925,3.77944
1926,3.9002159
1927,3.883558
1928,3.56551
1929,3.6843364
1930,3.7216287
1931,3.9629483
1932,3.7781694
1933,4.4762926
1934,4.1797395
1935,3.8060172
1936,3.6409564
1937,4.510719
1938,4.164356
1939,4.3990865
1940,4.5453334
1941,4.3070836
1942,4.229472
1943,3.974223
1944,4.399743
1945,4.297358
1946,7.7379
1947,5.308923
1948,5.983477
1949,5.160079
1950,5.070893
1951,10.161283
1952,5.422019
1953,9.230842
1954,8.633171
1955,5.8018937
1956,5.5559254
1957,5.5120263
1958,7.4339967
1959,6.6730886
1960,6.936042
1961,5.506991
1962,5.1082377
1963,5.502715
1964,6.9948015
1965,5.557877
1966,13.883185
1967,10.412337
1968,6.378533
1969,5.727985
1970,13.460101
1971,14.134891
1972,8.4818325
1973,14.050723
1974,8.940784
1975,8.053732
1976,7.3530474
1977,6.806626
1978,5.6736794
1979,6.0046606
1980,6.526469
1981,5.6260023
1982,10.809694
1983,7.3702464
1984,12.070597
1985,7.588338
1986,6.222779
1987,6.601842
1988,5.7605453
1989,8.73936
1990,14.104105
1991,14.209045
1992,8.320409
1993,13.742193
1994,7.7397914
1995,7.8538313
1996,6.3603225
1997,6.5400643
1998,6.544415
1999,5.9692636
2000,5.736899
2001,5.571567
2002,5.7515445
2003,9.665191
2004,7.7526345
2005,6.210853
2006,6.3782578
2007,6.002342
2008,6.159508
2009,6.935569
2010,10.101936
2011,6.18951
2012,5.9189816
2013,6.8800936
2014,6.2400045
2015,9.128527
2016,6.068269
2017,7.4311023
2018,6.360417
2019,9.508627
2020,8.970644
2021,6.2844753
2022,6.1313496
2023,6.9150186
2024,7.120591
2025,6.2046757
2026,8.99212
2027,6.2111516
2028,6.073954
2029,6.2238545
2030,6.7208467
2031,8.01524
2032,5.900452
2033,6.704016
2034,5.990868
2035,6.5883164
2036,7.505266
2037,6.041301
2038,5.740043
2039,5.546226
2040,5.60813
2041,5.659643
2042,5.994355
2043,5.801415
2044,5.678922
2045,5.564238
2046,6.070701
2047,8.844855
2048,6.6830287
2049,10.081398
2050,8.103591
2051,6.1323466
2052,5.9734116
2053,5.7689824
2054,10.628867
2055,5.8882184
2056,5.669495
2057,5.793828
2058,5.5357122
2059,5.5731936
2060,13.766949
2061,11.655014
2062,6.9053698
2063,13.630201
2064,6.8219166
2065,6.2137947
2066,6.515925
2067,6.045629
2068,6.2601366
2069,5.6263466
2070,5.441298
2071,5.4263973
2072,5.5519753
2073,5.7095466
2074,6.1338906
2075,5.581409
2076,5.387956
2077,5.0179014
2078,5.2018175
2079,4.9357705
2080,4.8741775
2081,4.8529234
2082,4.833443
2083,5.395405
2084,11.360379
2085,8.00294
2086,5.682871
2087,6.8367424
2088,5.8618283
2089,6.122365
2090,13.37937
2091,7.2353444
2092,7.233154
2093,6.3975563
2094,8.671046
2095,5.767172
2096,6.7270794
2097,5.7047796
2098,7.8257236
2099,8.738019
2100,14.060739
2101,8.06406
2102,6.3963566
2103,5.9514003
2104,6.309887
2105,7.0424623
2106,6.0659065
2107,8.2546215
2108,9.065824
2109,6.3878465
2110,5.6896043
2111,5.375239
2112,5.3623686
2113,5.8192058
2114,5.925666
2115,5.5237255
2116,5.821018
2117,5.607647
2118,5.49648
2119,5.4342594
2120,5.6050754
2121,5.895834
2122,5.537596
2123,5.72249
2124,5.7738757
2125,5.7923155
2126,5.550565
2127,6.681106
2128,13.486735
2129,7.159623
2130,6.9754944
2131,13.317043
2132,7.2697954
2133,6.6265063
2134,6.0882425
2135,6.845717
2136,6.19881
2137,7.0809817
2138,6.027808
2139,5.9464426
2140,5.600503
2141,6.505409
2142,5.9428945
2143,5.7963343
2144,5.6336665
2145,5.91943
2146,5.5447497
2147,5.6266046
2148,5.909167
2149,5.773127
2150,5.8161983
2151,6.1726294
2152,5.610968
2153,5.936802
2154,6.011463
2155,5.5660343
2156,5.55362
2157,5.32136
2158,5.214403
2159,5.52648
2160,5.7366414
2161,5.370888
2162,5.5620823
2163,6.649476
2164,5.6736856
2165,5.1382976
2166,5.14
2167,5.987104
2168,5.47298
2169,5.553166
2170,5.0921826
2171,5.337007
2172,5.2504344
2173,5.7696605
2174,6.044527
2175,5.325859
2176,5.042689
2177,5.2705493
2178,8.387058
2179,5.585325
2180,5.629389
2181,5.765709
2182,5.4245877
2183,6.0587487
2184,6.0061984
2185,5.351741
2186,6.0057564
2187,5.879483
2188,5.351532
2189,4.905739
2190,5.2657866
2191,5.128541
2192,4.7361503
2193,4.6363535
2194,4.815865
2195,4.9782023
2196,5.2692904
2197,4.7846675
2198,4.558749
2199,5.2467995
2200,5.309931
2201,5.201162
2202,4.8948674
2203,5.0907893
2204,4.754173
2205,4.786234
2206,4.538964
2207,4.2920423
2208,4.1383934
2209,4.3875823
2210,4.868177
2211,6.514761
2212,5.0251446
2213,4.981394
2214,4.6803503
2215,4.6311154
2216,5.082668
2217,4.772565
2218,4.405948
2219,4.1490784
2220,5.0470176
2221,4.603869
2222,4.5829606
2223,4.3977427
2224,4.077517
2225,3.7706184
2226,4.445173
2227,4.2653837
2228,4.012279
2229,4.514681
2230,4.34727
2231,4.2895074
2232,4.4625754
2233,4.5481644
2234,4.448309
2235,4.6609697
2236,4.4902644
2237,4.2815156
2238,7.9340863
2239,5.5550027
2240,4.6818166
2241,4.5047045
2242,4.724617
2243,4.5804496
2244,4.8404417
2245,4.987853
2246,4.729788
2247,5.2827487
2248,5.1191993
2249,4.9542637
2250,4.723028
2251,4.5973372
2252,4.318932
2253,4.4724975
2254,4.483921
2255,4.419095
2256,4.9250245
2257,4.901475
2258,4.6503453
2259,4.574691
2260,4.684282
2261,4.863608
2262,4.685079
2263,4.3621817
2264,4.4360557
2265,4.4151316
2266,4.7050424
2267,4.272064
2268,4.529458
2269,4.3490553
2270,4.313622
2271,4.1682215
2272,4.4079137
2273,4.652252
2274,4.219999
2275,3.9940126
2276,4.0898433
2277,4.723806
2278,4.626354
2279,4.594553
2280,4.8795547
2281,4.6021333
2282,4.318665
2283,4.73709
2284,4.65833
2285,4.855518
2286,4.731596
2287,4.6868987
2288,4.8317447
2289,4.839914
2290,4.764624
2291,5.3195863
2292,4.992945
2293,5.7633085
2294,6.1410494
2295,5.0210195
2296,5.039572
2297,4.919894
2298,5.040691
2299,4.8507633
2300,4.461914
2301,4.419233
2302,4.3057046
2303,4.4298058
2304,4.4645615
2305,4.2657576
2306,4.4785132
2307,4.1765976
2308,4.1812215
2309,4.188812
2310,4.2009873
2311,4.016103
2312,3.8002393
2313,3.7075503
2314,3.7913656
2315,4.1577306
2316,4.43325
2317,4.0406885
2318,4.44931
2319,4.16348
2320,4.190367
2321,4.9672556
2322,4.245233
2323,4.237845
2324,4.292221
2325,4.008152
2326,3.9064417
2327,4.5474052
2328,4.3104196
2329,4.478392
2330,4.4790025
2331,5.337584
2332,4.7377877
2333,4.8158555
2334,5.2539263
2335,4.9319286
2336,4.5456753
2337,4.403139
2338,4.2690735
2339,4.7650437
2340,4.950337
2341,4.403366
2342,4.3712926
2343,4.4961452
2344,4.3279986
2345,4.473696
2346,5.1208315
2347,4.9328012
2348,4.7531075
2349,4.484249
2350,4.399915
2351,4.2143073
2352,5.1590548
2353,4.488854
2354,5.858595
2355,4.9567847
2356,4.6495285
2357,4.494671
2358,4.3203793
2359,4.105194
2360,4.01666
2361,4.0842953
2362,3.7933407
2363,5.1807895
2364,4.6448574
2365,4.817354
2366,4.316791
2367,4.269025
2368,4.298126
2369,4.246491
2370,4.253
2371,4.110301
2372,3.8007262
2373,3.743395
2374,3.8020966
2375,3.9918947
2376,4.0422688
2377,3.7239316
2378,3.6694517
2379,3.6643934
2380,3.857661
2381,3.7462037
2382,3.5353515
2383,3.5273476
2384,3.8115046
2385,3.7856698
2386,3.7357666
2387,3.8818085
2388,3.8254938
2389,3.5851555
2390,3.560201
2391,3.7893324
2392,4.015368
2393,3.7525418
2394,3.4840355
2395,3.588793
2396,3.759788
2397,3.490438
2398,3.5395439
2399,3.553861
2400,3.3067539
2401,3.5115924
2402,3.5211506
2403,3.5043411
2404,3.4929335
2405,3.359511
2406,3.2296906
2407,3.0523922
2408,2.9612377
2409,2.997902
2410,3.178108
2411,3.203281
2412,3.4330633
2413,3.2268286
2414,3.345257
2415,3.0650816
2416,3.1041093
2417,3.1661444
2418,3.4314208
2419,3.4281676
2420,3.3353755
2421,3.244399
2422,3.1660914
2423,3.0586746
2424,3.0845628
2425,3.0593429
2426,3.118986
2427,2.9577541
2428,2.8564365
2429,2.9656405
2430,3.0147035
2431,2.8985295
2432,2.9524565
2433,2.9397192
2434,2.9959552
2435,3.039624
2436,3.115297
2437,3.6950266
2438,3.5619485
2439,3.4810922
2440,3.4919732
2441,3.3735907
2442,3.4633641
2443,3.3228536
2444,3.2062466
2445,3.5118053
2446,3.5129786
2447,4.9927816
2448,4.266691
2449,3.8037295
2450,3.7449806
2451,4.1987147
2452,4.045532
2453,6.748078
2454,4.5057983
2455,4.180371
2456,6.0614123
2457,4.607313
2458,4.4994917
2459,13.060296
2460,5.2466936
2461,4.645923
2462,4.806501
2463,4.5613484
2464,4.716691
2465,4.317013
2466,4.416569
2467,4.598657
2468,4.712375
2469,4.7038817
2470,4.614392
2471,5.3173738
2472,9.131551
2473,5.56998
2474,4.756126
2475,5.562075
2476,4.7034636
2477,4.552851
2478,4.3214355
2479,4.4038506
2480,4.8365126
2481,4.276422
2482,4.624052
2483,4.51726
2484,5.053943
2485,4.7353225
2486,5.6560297
2487,6.1387386
2488,6.4951553
2489,13.6025915
2490,6.144054
2491,12.907084
2492,6.738379
2493,5.98716
2494,13.860544
2495,6.7399426
2496,7.9467
2497,14.15351
2498,6.84007
2499,5.7030187
2500,13.890077
2501,6.104872
2502,13.262769
2503,7.0364733
2504,6.4864607
2505,8.926789
2506,13.913697
2507,12.074269
2508,7.338389
2509,7.6564245
2510,8.178744
2511,7.1920075
2512,5.95648
2513,5.920219
2514,9.000057
2515,7.5585294
2516,8.646931
2517,6.9103174
2518,6.486781
2519,6.8907266
2520,9.149383
2521,6.3032823
2522,10.908344
2523,6.6601396
2524,9.409737
2525,10.087823
2526,6.3516126
2527,12.816621
2528,14.248504
2529,7.144567
2530,7.0513163
2531,6.5629315
2532,11.194332
2533,13.863852
2534,6.2461905
2535,8.498064
2536,6.5019193
2537,6.4331617
2538,6.2593355
2539,6.339074
2540,12.724069
2541,10.562058
2542,9.399412
2543,7.676163
2544,11.647755
2545,7.714834
2546,7.351789
2547,7.098772
2548,14.115683
2549,10.721878
2550,6.639905
2551,14.055093
2552,14.145545
2553,10.026371
2554,6.950785
2555,7.789632
2556,6.785573
2557,8.082084
2558,7.9343476
2559,7.688277
2560,7.2015576
2561,9.342199
2562,9.40801
2563,7.772061
2564,7.09295
2565,6.803139
2566,6.567571
2567,6.5076833
2568,6.3244004
2569,6.415881
2570,6.485872
2571,7.2844615
2572,6.5304723
2573,6.463481
2574,6.2581854
2575,6.9141545
2576,6.133394
2577,6.099168
2578,6.627475
2579,6.7973046
2580,6.270464
2581,6.2183995
2582,6.076112
2583,5.8427825
2584,6.7400365
2585,6.5012355
2586,6.6682982
2587,6.060162
2588,6.3624516
2589,6.9586463
2590,6.2354016
2591,7.3655925
2592,8.966301
2593,7.207617
2594,6.9575424
2595,8.39611
2596,7.64706
2597,6.9765964
2598,6.5590487
2599,6.4854636
2600,8.918879
2601,7.0681324
2602,6.4646845
2603,6.2491493
2604,6.158573
2605,6.366912
2606,6.1273994
2607,6.114541
2608,6.391734
2609,10.674587
2610,6.560406
2611,6.417902
2612,6.802546
2613,7.210875
2614,6.319793
2615,6.287639
2616,7.1608434
2617,7.9084883
2618,6.371325
2619,6.915924
2620,5.9288692
2621,13.180263
2622,8.7952585
2623,7.0215735
2624,7.2662625
2625,7.6753654
2626,7.7073216
2627,8.486043
2628,8.804912
2629,11.262538
2630,7.8758407
2631,6.2053328
2632,6.0107093
2633,5.926293
2634,5.8071
2635,6.0966883
2636,6.0479198
2637,6.3304825
2638,6.105055
2639,6.445827
2640,6.1996737
2641,6.088682
2642,6.0749664
2643,6.5251164
2644,5.986337
2645,5.5766444
2646,5.385185
2647,5.6020603
2648,5.822842
2649,5.7102194
2650,5.5717287
2651,5.6408367
2652,6.0503674
2653,5.7959833
2654,7.472846
2655,6.0632153
2656,5.872215
2657,12.404981
2658,6.9110527
2659,6.337716
2660,6.3790007
2661,5.793571
2662,5.604141
2663,5.4900894
2664,5.332882
2665,5.4404497
2666,5.481514
2667,5.42226
2668,5.387276
2669,5.3900366
2670,5.605082
2671,5.3391204
2672,5.3938365
2673,5.2985106
2674,5.445019
2675,5.3319597
2676,5.322242
2677,5.203354
2678,5.0343747
2679,5.2249355
2680,6.284156
2681,6.09564
2682,5.607501
2683,5.7630367
2684,6.1411014
2685,5.7929506
2686,5.3625035
2687,5.443237
2688,5.2912035
2689,5.88244
2690,6.530915
2691,5.8278956
2692,5.522557
2693,5.370014
2694,5.3208985
2695,5.2470365
2696,5.4941397
2697,6.073161
2698,7.077495
2699,6.0785017
2700,5.5990577
2701,5.22787
2702,5.117812
2703,5.500139
2704,5.7219715
2705,5.6443768
2706,5.6818476
2707,5.7871447
2708,5.3625317
2709,5.228639
2710,6.1580887
2711,6.487665
2712,5.6810846
2713,6.3319755
2714,8.098634
2715,5.8897443
2716,5.856523
2717,6.957261
2718,6.0213356
2719,5.5201283
2720,5.4213667
2721,5.3319592
2722,6.056735
2723,11.891459
2724,6.5076866
2725,5.8682504
2726,7.216458
2727,7.85797
2728,6.5879006
2729,6.160429
2730,6.5033827
2731,6.6194835
2732,6.116551
2733,6.4142995
2734,6.5828757
2735,9.992801
2736,7.0588326
2737,6.16475
2738,5.843548
2739,5.733746
2740,6.2351103
2741,5.937617
2742,5.7313113
2743,7.3366528
2744,11.628292
2745,6.465647
2746,5.6777587
2747,5.558493
2748,6.2799463
2749,5.599621
2750,5.4939036
2751,5.63438
2752,5.705954
2753,6.0171604
2754,5.8178973
2755,6.336415
2756,5.721026
2757,8.572943
2758,5.842484
2759,5.962878
2760,13.363742
2761,8.613843
2762,9.304226
2763,6.7804284
2764,6.654064
2765,6.389217
2766,6.3156223
2767,6.7828994
2768,6.1086755
2769,5.7933764
2770,5.520999
2771,6.0688376
2772,6.3584185
2773,7.2618227
2774,6.0108275
2775,5.735578
2776,6.0285163
2777,6.6094866
2778,6.5436873
2779,7.620471
2780,6.6493287
2781,6.7482834
2782,6.855831
2783,6.292257
2784,6.1784925
2785,5.870184
2786,6.1979327
2787,6.494451
2788,6.3237605
2789,5.9155054
2790,6.2914085
2791,6.5097017
2792,5.990395
2793,13.433512
2794,10.987102
2795,12.656993
2796,9.07116
2797,13.81515
2798,7.476978
2799,6.0925074
2800,6.369715
2801,5.969636
2802,5.907226
2803,5.5906096
2804,5.7496047
2805,6.4663877
2806,6.5897794
2807,5.8441443
2808,5.922233
2809,5.687271
2810,10.042371
2811,12.890106
2812,6.483839
2813,6.3232675
2814,6.0508566
2815,5.8802075
2816,5.6988945
2817,5.6580687
2818,6.1166654
2819,5.8226323
2820,5.701383
2821,7.708968
2822,7.203804
2823,6.5477233
2824,8.434444
2825,6.096425
2826,6.2086906
2827,6.3834095
2828,6.5579495
2829,6.169948
2830,6.3647294
2831,5.9413166
2832,9.447014
2833,6.5244346
2834,6.1110277
2835,6.178472
2836,6.4141874
2837,6.7483335
2838,6.254889
2839,6.2363825
2840,6.247353
2841,7.8945165
2842,6.2130766
2843,6.0544443
2844,6.91699
2845,5.91207
2846,5.765337
2847,6.964005
2848,6.399588
2849,5.9881067
2850,5.671295
2851,5.677048
2852,6.42094
2853,6.32064
2854,13.53191
2855,8.02291
2856,6.8195577
2857,8.921948
2858,8.577071
2859,7.193717
2860,8.984597
2861,14.2220545
2862,11.860942
2863,13.025591
2864,8.995527
2865,7.61343
2866,9.043925
2867,6.7819943
2868,7.063898
2869,6.072253
2870,6.9635897
2871,7.7689567
2872,6.6771355
2873,6.2143445
2874,6.2332854
2875,6.12971
2876,6.0235066
2877,5.706699
2878,5.9888487
2879,5.9945993
2880,8.8445425
2881,6.892466
2882,6.329322
2883,5.836324
2884,5.6551523
2885,5.481567
2886,5.2547717
2887,5.608225
2888,5.6279697
2889,5.35795
2890,5.270396
2891,5.242611
2892,5.133177
2893,4.967623
2894,5.841598
2895,5.5543146
2896,6.0845723
2897,5.4629617
2898,5.0996337
2899,4.985022
2900,4.916252
2901,4.9275174
2902,4.530355
2903,6.154014
2904,5.47512
2905,12.40158
2906,12.466242
2907,6.254391
2908,5.761122
2909,5.7460184
2910,5.6830893
2911,5.3748384
2912,7.889536
2913,5.9742923
2914,6.178293
2915,5.725063
2916,5.800504
2917,5.806273
2918,5.698035
2919,5.6245327
2920,5.48608
2921,5.351903
2922,5.30165
2923,5.1927977
2924,5.260507
2925,5.148769
2926,5.035109
2927,7.114516
2928,5.4902706
2929,5.346979
2930,5.187948
2931,5.3481293
2932,5.0624485
2933,5.6304812
2934,5.1989665
2935,5.021911
2936,5.216483
2937,5.174797
2938,5.433682
2939,5.209412
2940,4.958456
2941,4.956662
2942,4.9681234
2943,5.08518
2944,4.8233604
2945,5.084929
2946,5.006009
2947,5.253616
2948,5.0964756
2949,5.1396556
2950,5.0573945
2951,4.9649525
2952,4.934896
2953,4.8558855
2954,4.859335
2955,4.74534
2956,5.139624
2957,5.0511637
2958,5.1323037
2959,4.9359183
2960,4.8314524
2961,4.860989
2962,4.998375
2963,5.297762
2964,5.095001
2965,4.81631
2966,4.7871
2967,4.472668
2968,4.3995442
2969,4.470515
2970,4.475138
2971,4.7006903
2972,7.0128994
2973,5.1746917
2974,4.8003793
2975,5.6910596
2976,8.156932
2977,5.2319717
2978,5.7030864
2979,5.45771
2980,6.8311396
2981,5.8450074
2982,5.46502
2983,5.57586
2984,5.685323
2985,5.507407
2986,5.3852906
2987,5.7173023
2988,6.4824104
2989,6.6145325
2990,5.723164
2991,6.9380026
2992,9.178977
2993,7.06099
2994,6.254171
2995,5.955884
2996,6.2908697
2997,6.3447733
2998,5.7305636
2999,5.9288597
3000,5.8606915
3001,6.8830543
3002,6.745301
3003,13.414655
3004,10.72608
3005,6.6700687
3006,5.8065677
3007,5.894533
3008,5.776049
3009,5.6930246
3010,6.896056
3011,6.260845
3012,6.0848947
3013,6.790336
3014,5.921252
3015,6.086425
3016,5.7564254
3017,5.443347
3018,5.426183
3019,5.5819354
3020,5.2865663
3021,5.3451695
3022,5.5241003
3023,5.5818753
3024,5.419328
3025,5.312824
3026,5.4684563
3027,5.589983
3028,5.3432612
3029,5.2818465
3030,5.227766
3031,5.420617
3032,5.505277
3033,5.364736
3034,5.3335567
3035,5.3116775
3036,5.4058294
3037,5.1158485
3038,5.34832
3039,5.5933084
3040,5.4193754
3041,5.322985
3042,5.1569314
3043,5.1946216
3044,5.1145577
3045,5.0794845
3046,5.144865
3047,5.330335
3048,5.826
3049,5.535015
3050,5.4184766
3051,5.3132586
3052,5.2344036
3053,5.042158
3054,5.0495563
3055,5.0424805
3056,4.9954157
3057,4.912535
3058,4.786331
3059,4.786319
3060,4.818746
3061,4.749741
3062,4.8489456
3063,4.8259306
3064,4.5398107
3065,4.2752366
3066,5.080686
3067,4.824105
3068,4.413638
3069,4.027527
3070,4.06114
3071,5.116694
3072,4.8006425
3073,4.5717306
3074,5.1010103
3075,4.6901927
3076,4.7105975
3077,5.4236393
3078,5.3029237
3079,6.712957
3080,5.4033437
3081,4.9333663
3082,5.222021
3083,5.86744
3084,5.5042534
3085,4.991459
3086,5.2086606
3087,5.104522
3088,6.6002555
3089,10.518185
3090,6.60598
3091,5.643621
3092,7.203434
3093,5.5002418
3094,6.8785214
3095,5.717304
3096,5.485999
3097,5.3534184
3098,5.0752363
3099,5.802996
3100,5.212135
3101,4.997308
3102,5.2293353
3103,11.742621
3104,10.553681
3105,13.618844
3106,6.1040826
3107,13.528202
3108,7.9893584
3109,13.155365
3110,14.265952
3111,14.160073
3112,14.229055
3113,14.299057
3114,9.829315
3115,7.2446337
3116,7.4500103
3117,6.746858
3118,8.397718
3119,13.774881
3120,12.794062
3121,9.236103
3122,6.7425423
3123,6.2518115
3124,9.383453
3125,6.3941
3126,6.0350175
3127,6.666581
3128,6.182152
3129,7.726695
3130,6.122563
3131,5.7922673
3132,5.8202624
3133,7.3908567
3134,8.881758
3135,6.697515
3136,6.1402073
3137,5.9229603
3138,5.920112
3139,5.943366
3140,6.2606344
3141,6.002654
3142,5.920534
3143,6.2193923
3144,6.0740204
3145,6.1748786
3146,6.170847
3147,6.1073227
3148,5.685436
3149,6.027484
3150,6.109351
3151,6.354706
3152,6.5262575
3153,13.608872
3154,14.194662
3155,7.4756193
3156,7.2703805
3157,7.166329
3158,6.496244
3159,6.287583
3160,6.340273
3161,6.044849
3162,6.457729
3163,6.1292624
3164,6.0412607
3165,5.933553
3166,5.9303393
3167,5.930761
3168,6.045075
3169,5.831764
3170,5.9819613
3171,6.367417
3172,6.132079
3173,5.8099875
3174,5.512677
3175,5.4481087
3176,5.423218
3177,5.912874
3178,5.5642695
3179,5.4024253
3180,5.345794
3181,5.1547585
3182,4.9123263
3183,5.585808
3184,5.585691
3185,5.565296
3186,5.1192493
3187,5.2313886
3188,5.1223545
3189,5.6170397
3190,5.3124986
3191,5.108391
3192,5.331396
3193,5.4129887
3194,5.3149695
3195,5.0356684
3196,4.9587984
3197,5.2271686
3198,7.604252
3199,5.459849
3200,5.3677964
3201,5.1983123
3202,5.2352333
3203,5.5468645
3204,9.082343
3205,5.8088274
3206,5.6119804
3207,5.1874347
3208,5.0708513
3209,5.138453
3210,6.9773755
3211,7.0663466
3212,5.966251
3213,5.9500713
3214,5.3254075
3215,5.021894
3216,5.1418266
3217,5.9906945
3218,9.934077
3219,5.663392
3220,5.255477
3221,6.157807
3222,12.322996
3223,13.839372
3224,6.1822968
3225,5.721853
3226,10.942198
3227,6.177469
3228,7.947583
3229,6.2738757
3230,6.8788905
3231,10.603891
3232,8.221576
3233,5.922883
3234,14.042062
3235,10.295441
3236,9.043563
3237,7.5386596
3238,6.300387
3239,7.0499277
3240,5.841406
3241,5.9743276
3242,5.9243813
3243,6.214542
3244,7.10756
3245,6.0283384
3246,6.5565343
3247,7.490502
3248,7.9376736
3249,6.258793
3250,7.385896
3251,14.080657
3252,14.158424
3253,10.27661
3254,7.0945034
3255,7.8105454
3256,9.307077
3257,8.825841
3258,7.2653537
3259,9.287292
3260,14.1587105
3261,10.540418
3262,14.050472
3263,13.763846
3264,14.051325
3265,11.237484
3266,7.314655
3267,8.158852
3268,7.3560977
3269,8.1859255
3270,6.7249517
3271,6.712472
3272,11.31622
3273,6.742561
3274,6.794471
3275,10.050518
3276,9.025335
3277,11.159159
3278,10.57473
3279,8.058826
3280,6.6246815
3281,13.963456
3282,6.970178
3283,13.7070465
3284,11.368725
3285,7.6012273
3286,14.128001
3287,14.181054
3288,8.7053385
3289,10.730844
3290,8.348927
3291,7.6913714
3292,6.902564
3293,6.6180015
3294,6.5159183
3295,6.4302998
3296,9.984084
3297,7.196743
3298,6.6418533
3299,6.6132603
3300,6.2944403
3301,6.052517
3302,6.0772014
3303,6.8278866
3304,6.660675
3305,6.67614
3306,5.940372
3307,5.8878827
3308,6.2103677
3309,6.937603
3310,6.5048757
3311,6.4168286
3312,6.1864614
3313,6.1129775
3314,6.130573
3315,6.210919
3316,6.507541
3317,6.5558443
3318,5.8270016
3319,6.528792
3320,6.0643926
3321,5.9215736
3322,9.025232
3323,6.236969
3324,5.865051
3325,5.8345356
3326,5.632229
3327,5.9141307
3328,5.7517443
3329,5.6809216
3330,5.6281824
3331,5.286991
3332,5.6322994
3333,5.7423267
3334,5.6721287
3335,5.5314984
3336,5.3865485
3337,5.0935297
3338,5.201123
3339,5.342354
3340,5.3465137
3341,5.4931974
3342,5.266595
3343,5.2815633
3344,5.044482
3345,4.653362
3346,4.996569
3347,4.956864
3348,4.6797776
3349,4.611437
3350,4.611892
3351,5.0758696
3352,5.0563636
3353,5.2089744
3354,4.9200478
3355,4.7985077
3356,4.745047
3357,4.7351546
3358,4.6982603
3359,4.706868
3360,4.660847
3361,4.9360547
3362,4.6486692
3363,4.6477523
3364,4.6992254
3365,4.6440225
3366,4.82258
3367,4.625359
3368,4.608139
3369,9.288505
3370,6.091086
3371,5.2933893
3372,5.050466
3373,4.613875
3374,4.638987
3375,6.273583
3376,5.5296683
3377,5.3958683
3378,5.2237396
3379,5.2892303
3380,5.4107633
3381,5.0299826
3382,5.020155
3383,5.3097134
3384,5.2744565
3385,5.146739
3386,4.8856473
3387,4.716265
3388,4.7105355
3389,4.7390857
3390,4.9432416
3391,5.1288953
3392,4.794512
3393,4.6205935
3394,4.526824
3395,4.6710033
3396,4.7768073
3397,4.8531017
3398,4.846066
3399,5.0575957
3400,4.9894147
3401,4.844059
3402,4.8517823
3403,5.2175636
3404,13.067165
3405,8.3887615
3406,6.0820713
3407,5.2414727
3408,4.9385333
3409,4.8838787
3410,4.8198543
3411,4.5853286
3412,4.53551
3413,4.8225493
3414,4.7111855
3415,4.695704
3416,4.807889
3417,5.2211504
3418,4.994455
3419,4.866279
3420,4.735424
3421,4.567712
3422,4.644646
3423,4.587058
3424,4.751982
3425,4.851827
3426,4.695644
3427,4.446592
3428,4.503621
3429,4.4265213
3430,4.411259
3431,4.1511655
3432,4.135246
3433,4.2252135
3434,4.251086
3435,4.179302
3436,4.05616
3437,4.0443883
3438,4.144192
3439,3.8952494
3440,3.8509896
3441,3.741219
3442,4.0527644
3443,4.07553
3444,3.9720354
3445,3.775906
3446,3.709493
3447,3.7789564
3448,4.6331477
3449,4.383729
3450,4.1290193
3451,4.1116767
3452,4.097037
3453,4.327669
3454,4.2093534
3455,4.086915
3456,3.9471967
3457,3.8919663
3458,3.668043
3459,3.7685227
3460,3.8257673
3461,4.202885
3462,4.2787614
3463,4.1534934
3464,4.008752
3465,3.8291743
3466,3.876226
3467,4.852148
3468,5.133862
3469,12.9725485
3470,5.161444
3471,4.3899593
3472,4.4053135
3473,5.2014065
3474,4.819561
3475,4.5814576
3476,4.2901974
3477,4.1425796
3478,4.208567
3479,4.181564
3480,4.149014
3481,4.205283
3482,4.211096
3483,4.1099234
3484,4.117937
3485,4.4048667
3486,4.5916176
3487,4.424145
3488,4.227809
3489,3.9895318
3490,3.8643398
3491,3.9446876
3492,4.18326
3493,4.1755204
3494,3.7312684
3495,3.560235
3496,4.357042
3497,4.498062
3498,4.292912
3499,4.125176
3500,3.9439175
3501,4.0833535
3502,3.8687532
3503,4.004407
3504,3.9778044
3505,4.138737
3506,4.0146646
3507,3.9291186
3508,3.6537716
3509,3.7959347
3510,4.003128
3511,4.2507052
3512,4.112952
3513,3.8823028
3514,3.8207645
3515,3.9944854
3516,4.06781
3517,4.3092303
3518,4.2537475
3519,4.122559
3520,4.085939
3521,4.2783117
3522,4.101797
3523,5.5002236
3524,4.641792
3525,4.385837
3526,4.16559
3527,4.1619616
3528,4.3241267
3529,5.0327315
3530,6.0449014
3531,5.041443
3532,4.907244
3533,4.8886
3534,5.4995556
