,Breathing Rate
0,27.26582
1,27.288805
2,27.295633
3,27.30164
4,27.782087
5,27.77572
6,30.557777
7,31.855293
8,33.254765
9,33.20379
10,33.14288
11,33.084602
12,27.659616
13,27.063805
14,27.03064
15,26.563726
16,25.295135
17,26.53952
18,24.891094
19,24.868065
20,24.86783
21,24.517181
22,24.550394
23,24.2436
24,24.294346
25,24.708454
26,25.144516
27,25.543564
28,25.141464
29,25.52701
30,26.379652
31,27.286598
32,28.842367
33,28.831379
34,31.220242
35,33.339363
36,33.315697
37,31.167524
38,31.106657
39,28.714973
40,26.271002
41,26.199436
42,25.753696
43,26.1513
44,26.157892
45,26.156628
46,25.73566
47,25.74496
48,25.759933
49,23.5537
50,23.55063
51,23.588926
52,23.610067
53,22.124573
54,23.625433
55,22.09482
56,22.05226
57,21.762074
58,21.739288
59,21.73185
60,21.746765
61,21.748568
62,21.75522
63,21.777397
64,21.776743
65,24.73542
66,24.77974
67,24.786947
68,24.770061
69,27.884596
70,28.403606
71,27.867693
72,28.3484
73,27.816471
74,27.772095
75,28.250977
76,28.215656
77,28.712698
78,28.679396
79,28.650187
80,28.113174
81,28.105513
82,28.633945
83,28.099072
84,28.118177
85,27.62776
86,27.625685
87,27.152658
88,27.151306
89,27.144056
90,27.149565
91,25.00762
92,22.085016
93,21.475313
94,21.957577
95,24.965395
96,22.029833
97,21.988964
98,27.27573
99,22.157255
100,25.085823
101,25.129923
102,25.144262
103,25.168964
104,25.187881
105,25.200216
106,28.956774
107,28.937687
108,29.451296
109,29.398296
110,29.38539
111,30.532131
112,30.50352
113,29.309914
114,29.252687
115,29.245945
116,27.17071
117,27.12952
118,27.1046
119,27.095505
120,24.217192
121,24.168272
122,24.168669
123,24.187195
124,24.203678
125,22.890255
126,22.883951
127,23.22844
128,23.25316
129,23.268696
130,24.3225
131,24.349327
132,24.731932
133,26.872223
134,26.89779
135,30.080755
136,31.330679
137,31.29326
138,30.606918
139,30.566828
140,26.82582
141,31.119276
142,31.105074
143,31.066082
144,31.04247
145,31.017231
146,29.74759
147,29.71414
148,26.636408
149,26.570784
150,24.935247
151,24.930952
152,24.947512
153,24.967297
154,29.873985
155,29.874098
156,26.321974
157,26.27718
158,25.061348
159,25.04933
160,25.072798
161,25.082535
162,25.094778
163,25.082111
164,22.146427
165,22.0298
166,24.992376
167,22.03821
168,21.96819
169,22.001266
170,22.042276
171,22.05629
172,22.07142
173,22.07957
174,22.078587
175,24.756163
176,24.80046
177,24.798162
178,25.183517
179,25.169334
180,24.75823
181,24.030437
182,24.725311
183,24.712824
184,25.908926
185,26.348206
186,26.313086
187,31.21852
188,31.212452
189,31.16399
190,31.145266
191,31.134897
192,32.49554
193,27.261753
194,32.444054
195,37.523823
196,37.450146
197,33.102802
198,32.9973
199,31.540016
200,32.927692
201,32.92145
202,31.500704
203,27.04852
204,23.91958
205,26.971209
206,21.40943
207,20.008602
208,19.78344
209,19.70085
210,19.70545
211,21.092451
212,23.921957
213,24.018719
214,26.041105
215,26.113224
216,29.6754
217,29.711426
218,27.097721
219,27.472864
220,27.456116
221,29.48883
222,27.342716
223,26.78094
224,25.85172
225,24.985178
226,24.939636
227,24.184885
228,24.158922
229,24.179455
230,24.20566
231,23.89963
232,23.930922
233,23.953053
234,24.331295
235,23.985048
236,23.998795
237,24.354881
238,24.36881
239,27.31869
240,27.324408
241,27.2992
242,24.014446
243,23.920048
244,25.82822
245,27.212215
246,27.213383
247,28.768707
248,25.896442
249,25.84175
250,25.837885
251,25.832355
252,22.9626
253,22.58038
254,21.244509
255,22.263077
256,22.567366
257,22.870487
258,22.869175
259,22.574686
260,22.58995
261,22.923578
262,22.964148
263,24.74242
264,23.026709
265,23.009876
266,24.776438
267,25.171263
268,25.56331
269,27.34138
270,30.05734
271,27.335407
272,25.511559
273,25.063047
274,25.038591
275,25.424496
276,26.731607
277,25.43699
278,26.731194
279,26.731878
280,27.677952
281,27.682972
282,27.681627
283,26.726795
284,23.95993
285,23.598988
286,23.255486
287,23.898304
288,23.893278
289,26.738726
290,27.732283
291,23.976072
292,27.710596
293,27.7459
294,27.746614
295,27.27237
296,26.811815
297,24.046354
298,23.979778
299,23.283531
300,23.230347
301,26.726501
302,23.255539
303,26.707125
304,23.26584
305,26.754852
306,25.460049
307,23.295254
308,20.2408
309,20.124325
310,20.067644
311,20.70787
312,25.514925
313,25.560884
314,25.53987
315,25.534111
316,25.550158
317,23.663893
318,25.527725
319,23.674166
320,23.668955
321,22.704391
322,23.634577
323,25.074251
324,25.04866
325,23.550941
326,23.503923
327,23.521961
328,25.031683
329,26.334066
330,25.10801
331,26.374372
332,25.12643
333,26.368687
334,25.112553
335,26.330318
336,26.321728
337,28.24239
338,29.363277
339,29.952513
340,29.925985
341,31.835989
342,31.810505
343,31.786793
344,31.758867
345,32.449356
346,33.164494
347,33.13266
348,33.106518
349,33.06272
350,33.047005
351,33.025154
352,32.277157
353,33.003117
354,33.00764
355,33.773743
356,37.34785
357,37.3305
358,38.317474
359,38.299072
360,38.259266
361,37.25066
362,37.215755
363,34.516254
364,37.18884
365,34.491558
366,34.4514
367,34.43957
368,34.43402
369,32.846344
370,30.149378
371,27.947449
372,27.94549
373,27.985018
374,28.04343
375,26.658064
376,28.129501
377,38.608788
378,38.58434
379,28.463253
380,37.55199
381,38.529236
382,38.501232
383,38.470295
384,38.415638
385,38.33142
386,38.261765
387,38.18868
388,37.1057
389,37.028675
390,37.964485
391,36.949993
392,33.51422
393,29.560081
394,29.453724
395,28.941912
396,28.97708
397,29.018122
398,29.05522
399,28.05641
400,29.138279
401,28.094414
402,25.460043
403,25.43162
404,25.444849
405,28.22015
406,27.298489
407,28.28138
408,28.266233
409,27.25004
410,27.21753
411,28.202347
412,28.206535
413,28.216267
414,28.221224
415,28.235985
416,28.240158
417,28.206835
418,28.190073
419,28.168789
420,27.203203
421,27.166475
422,27.172699
423,26.71288
424,26.705845
425,26.685892
426,26.259335
427,26.27001
428,26.261232
429,26.70434
430,26.7275
431,27.173878
432,27.180744
433,27.19883
434,26.73765
435,26.727495
436,26.733847
437,26.72034
438,28.187757
439,28.716133
440,28.723635
441,28.70793
442,28.70128
443,28.693241
444,28.688498
445,28.683372
446,29.820763
447,28.699944
448,29.815136
449,29.814945
450,30.41561
451,29.79914
452,30.38708
453,30.39071
454,29.786892
455,30.386812
456,30.393122
457,30.390108
458,30.387144
459,30.376701
460,30.372911
461,30.37676
462,31.668547
463,31.681467
464,31.672804
465,31.676973
466,33.107105
467,31.677738
468,31.661663
469,31.65256
470,31.646463
471,31.643127
472,33.07345
473,33.069115
474,29.183138
475,33.043755
476,33.05268
477,29.179232
478,29.135612
479,28.074389
480,22.576805
481,22.376596
482,22.292824
483,22.25731
484,27.132124
485,27.206427
486,27.72327
487,27.762081
488,27.798626
489,28.302017
490,27.829624
491,27.860891
492,27.854317
493,27.849993
494,27.840786
495,27.763693
496,27.214012
497,27.156796
498,27.598467
499,27.12005
500,27.128735
501,27.14705
502,27.160793
503,27.178041
504,27.195786
505,27.20115
506,27.217743
507,27.212671
508,27.215158
509,27.211695
510,27.20663
511,27.197702
512,27.193686
513,27.192537
514,27.186768
515,23.653204
516,23.553236
517,23.519873
518,23.188688
519,22.565649
520,23.170582
521,23.200344
522,23.231762
523,23.243105
524,23.262493
525,23.281475
526,23.292898
527,23.307636
528,24.014006
529,24.03533
530,24.01429
531,24.00843
532,23.98636
533,26.367174
534,26.377352
535,26.369251
536,24.01097
537,22.975174
538,22.930214
539,22.912605
540,22.898315
541,22.891855
542,22.892202
543,23.57421
544,25.047235
545,29.429493
546,30.030039
547,29.424515
548,29.42004
549,28.321661
550,28.305012
551,28.276476
552,28.23925
553,27.691986
554,27.652584
555,27.621912
556,27.591167
557,27.561886
558,27.546425
559,27.546926
560,27.590757
561,26.672112
562,26.692106
563,27.684397
564,31.179874
565,34.115345
566,34.09855
567,34.064713
568,34.022156
569,33.981644
570,33.942917
571,32.393665
572,32.356045
573,30.969238
574,30.30568
575,24.359648
576,24.153646
577,24.071676
578,24.039125
579,24.05898
580,25.26745
581,25.347404
582,25.413567
583,25.072702
584,25.117487
585,25.561453
586,25.599037
587,25.222555
588,25.224453
589,25.225393
590,25.572206
591,25.139124
592,25.49509
593,25.890717
594,25.876022
595,25.884434
596,27.240677
597,27.253437
598,27.747114
599,27.260958
600,25.90899
601,27.244999
602,27.7471
603,27.75017
604,27.735474
605,28.765297
606,29.892702
607,28.744797
608,34.854385
609,34.820137
610,34.76848
611,34.731735
612,34.691277
613,32.336147
614,34.616833
615,40.484898
616,40.42721
617,40.369045
618,34.50908
619,34.41098
620,40.26646
621,33.602253
622,33.51248
623,32.060448
624,30.733658
625,30.743452
626,30.138567
627,28.451242
628,23.590425
629,23.442266
630,23.46028
631,22.863068
632,22.907972
633,22.907522
634,23.5787
635,23.01919
636,22.72327
637,22.734388
638,26.028765
639,26.980223
640,27.959286
641,29.02755
642,29.027924
643,29.519806
644,30.67163
645,30.630901
646,30.580914
647,30.530296
648,30.491467
649,30.446314
650,31.041761
651,31.66985
652,31.632528
653,33.063744
654,33.05818
655,31.622358
656,34.626457
657,34.615494
658,34.60021
659,34.575516
660,34.56701
661,34.559242
662,32.949486
663,34.481888
664,34.47138
665,32.87979
666,32.870804
667,30.170784
668,27.950903
669,27.928362
670,30.174782
671,30.22321
672,28.033155
673,28.044006
674,28.062553
675,28.107752
676,26.2632
677,28.14364
678,27.701324
679,27.729399
680,26.806288
681,26.359627
682,26.350353
683,26.771606
684,26.316238
685,26.323843
686,25.100044
687,25.079315
688,26.315382
689,25.096754
690,25.08335
691,26.773952
692,26.80935
693,26.814423
694,27.291302
695,28.285854
696,28.288137
697,29.36169
698,29.354488
699,29.334732
700,30.507635
701,30.481846
702,30.446026
703,30.421442
704,30.386038
705,29.176567
706,29.155956
707,28.07076
708,28.051823
709,26.17873
710,26.154728
711,25.72381
712,25.324133
713,24.566391
714,24.56015
715,24.577421
716,25.392523
717,25.426311
718,25.449738
719,25.47657
720,25.490131
721,25.9233
722,25.933374
723,26.826193
724,29.403769
725,31.93263
726,31.91458
727,32.578434
728,32.53726
729,31.793863
730,32.456367
731,31.728024
732,31.693325
733,31.675278
734,31.645878
735,30.327385
736,30.284052
737,30.26701
738,30.253128
739,26.601923
740,30.27778
741,30.33134
742,30.357985
743,30.38482
744,30.395489
745,31.04202
746,30.41847
747,30.416239
748,30.414064
749,30.412016
750,30.408926
751,30.715063
752,31.028807
753,31.69269
754,31.656864
755,28.650246
756,27.117819
757,28.599716
758,28.621695
759,28.638556
760,27.149725
761,27.13995
762,26.254509
763,25.830143
764,25.830223
765,23.307331
766,23.256823
767,23.25604
768,23.270794
769,23.289347
770,23.288626
771,23.284945
772,23.291048
773,23.302412
774,25.953348
775,26.880436
776,26.901379
777,27.364008
778,27.360794
779,28.355352
780,30.63151
781,32.629814
782,31.207754
783,32.524567
784,32.479416
785,32.42448
786,32.378075
787,32.332973
788,32.29071
789,32.274498
790,32.268448
791,32.247963
792,32.235157
793,30.865883
794,30.21719
795,30.221674
796,29.655785
797,29.661226
798,26.625057
799,26.589586
800,29.72043
801,26.658205
802,26.634903
803,26.65101
804,26.670654
805,27.648205
806,27.680471
807,23.688192
808,23.600216
809,23.593979
810,23.60477
811,27.755552
812,27.806702
813,27.795332
814,27.789028
815,27.801859
816,28.29668
817,28.290642
818,28.286386
819,28.288612
820,28.284742
821,28.286871
822,28.24351
823,28.199295
824,28.164076
825,28.131908
826,28.141134
827,27.160234
828,27.14963
829,28.144669
830,27.17569
831,27.16782
832,27.167812
833,27.18062
834,27.18092
835,27.180489
836,27.1802
837,27.178003
838,27.18091
839,26.72223
840,26.716444
841,26.724506
842,26.722364
843,26.718275
844,26.72257
845,26.717335
846,26.27292
847,26.269987
848,26.273912
849,26.284975
850,26.295542
851,26.299473
852,26.757854
853,26.764715
854,26.760725
855,28.776634
856,29.34744
857,29.340887
858,29.334692
859,29.316763
860,29.305664
861,29.292208
862,29.279057
863,29.261833
864,29.252281
865,29.232464
866,29.218315
867,30.398106
868,30.390638
869,29.19465
870,27.607058
871,29.188618
872,30.400015
873,30.415974
874,30.419579
875,33.17846
876,33.1753
877,33.156734
878,33.13835
879,34.70919
880,34.68648
881,34.663345
882,33.065746
883,33.036896
884,33.01326
885,32.98105
886,31.538973
887,31.520958
888,31.515383
889,31.519022
890,31.545485
891,32.263336
892,32.281376
893,32.304855
894,32.33622
895,33.088673
896,33.103413
897,33.103077
898,33.09901
899,33.08657
900,33.07579
901,33.05828
902,33.0445
903,33.026558
904,33.009575
905,27.176691
906,27.062618
907,23.075167
908,21.645004
909,21.50425
910,21.446873
911,22.814798
912,27.173615
913,29.965122
914,35.026505
915,35.88604
916,35.86523
917,35.84828
918,35.824936
919,35.79604
920,37.568203
921,39.54414
922,40.513573
923,40.37068
924,40.239964
925,40.1199
926,40.030888
927,38.877304
928,31.300663
929,29.411829
930,28.846779
931,28.871323
932,26.904163
933,26.900682
934,26.917505
935,26.95755
936,27.010021
937,27.079054
938,27.130114
939,27.204147
940,27.26695
941,29.409725
942,29.463644
943,30.008184
944,30.577034
945,32.542503
946,32.500973
947,32.44898
948,32.418587
949,32.396187
950,32.375145
951,31.007408
952,30.99107
953,30.980278
954,32.321434
955,32.307457
956,34.629906
957,31.614576
958,36.364063
959,31.62491
960,30.93024
961,30.927164
962,29.155931
963,29.131012
964,28.601591
965,28.58396
966,28.571991
967,29.106468
968,26.611786
969,26.576239
970,26.594864
971,26.194653
972,23.5961
973,23.596872
974,23.592196
975,26.28547
976,26.788767
977,27.76207
978,28.274443
979,28.280514
980,28.281343
981,28.273602
982,28.27684
983,32.577442
984,32.565777
985,35.74371
986,35.69644
987,32.45454
988,35.53906
989,32.33402
990,32.263157
991,36.341625
992,32.271458
993,32.228737
994,39.327087
995,39.271152
996,39.22838
997,39.17585
998,38.103592
999,35.24661
1000,35.249557
1001,35.262383
1002,35.241745
1003,32.846
1004,32.81509
1005,35.231144
1006,32.8324
1007,32.794926
1008,32.793266
1009,32.112656
1010,29.609991
1011,29.630291
1012,29.68236
1013,29.73883
1014,31.662634
1015,29.787992
1016,27.205664
1017,27.16509
1018,27.151487
1019,27.158228
1020,27.185385
1021,27.20595
1022,30.498093
1023,27.299812
1024,27.265545
1025,27.24708
1026,27.234724
1027,27.239916
1028,27.237923
1029,24.773428
1030,27.24425
1031,27.258657
1032,27.250237
1033,27.241001
1034,30.507452
1035,27.27214
1036,26.750801
1037,26.311697
1038,26.288094
1039,26.268744
1040,26.719841
1041,26.73003
1042,26.268042
1043,25.847755
1044,25.826801
1045,25.396646
1046,25.397022
1047,25.405254
1048,25.405752
1049,25.046335
1050,25.04129
1051,24.662271
1052,25.040049
1053,25.437859
1054,25.43818
1055,25.05071
1056,24.669561
1057,24.300571
1058,24.294046
1059,22.962175
1060,22.628864
1061,22.61428
1062,24.26388
1063,22.638815
1064,22.3183
1065,22.307688
1066,21.475334
1067,21.457205
1068,21.460817
1069,21.468021
1070,21.482063
1071,21.488943
1072,23.287031
1073,23.31101
1074,25.98663
1075,26.902258
1076,25.99851
1077,25.991522
1078,26.867708
1079,26.852278
1080,26.843533
1081,27.27729
1082,28.263435
1083,28.244043
1084,28.756592
1085,28.716457
1086,28.688719
1087,28.138615
1088,27.122742
1089,25.776527
1090,25.774471
1091,26.205742
1092,26.221212
1093,26.22754
1094,26.235504
1095,27.159582
1096,27.180496
1097,26.270525
1098,26.268755
1099,24.293467
1100,23.922531
1101,23.920996
1102,23.926516
1103,23.927662
1104,26.314331
1105,23.962801
1106,23.92088
1107,23.916763
1108,21.52283
1109,21.458984
1110,21.458616
1111,21.471668
1112,23.9646
1113,24.379738
1114,24.390347
1115,24.378654
1116,26.418741
1117,27.368729
1118,27.861952
1119,27.377066
1120,27.853739
1121,27.840042
1122,28.336628
1123,28.291822
1124,28.249737
1125,28.207724
1126,29.262636
1127,29.25036
1128,31.75381
1129,31.740484
1130,31.715622
1131,26.294409
1132,26.196907
1133,26.18934
1134,26.191803
1135,26.195831
1136,29.811768
1137,26.704866
1138,26.666117
1139,26.661068
1140,26.666063
1141,26.677496
1142,26.703346
1143,26.743212
1144,26.779205
1145,26.808813
1146,26.787361
1147,26.768501
1148,26.755112
1149,26.741554
1150,26.73758
1151,26.768476
1152,27.231722
1153,27.235283
1154,27.238192
1155,27.2381
1156,26.321693
1157,25.46528
1158,23.001532
1159,21.811428
1160,21.7421
1161,21.201382
1162,21.689629
1163,21.698164
1164,21.712006
1165,21.724592
1166,21.737888
1167,21.75266
1168,27.38629
1169,27.436882
1170,29.578941
1171,29.576544
1172,32.091114
1173,32.74606
1174,32.679432
1175,32.59745
1176,32.521725
1177,32.451694
1178,31.699915
1179,31.636889
1180,29.691065
1181,29.04709
1182,28.462637
1183,27.938198
1184,27.9401
1185,27.973263
1186,28.537987
1187,28.58325
1188,28.102959
1189,27.62264
1190,28.695768
1191,29.287786
1192,28.75974
1193,28.756355
1194,28.766705
1195,29.303251
1196,29.291225
1197,29.266775
1198,30.445152
1199,31.077223
1200,31.067917
1201,31.064173
1202,31.055977
1203,31.050623
1204,31.040724
1205,30.406546
1206,30.411552
1207,30.409456
1208,27.661818
1209,27.614414
1210,27.610046
1211,27.60343
1212,27.607727
1213,27.618925
1214,27.637392
1215,26.263102
1216,23.957804
1217,26.240412
1218,27.69284
1219,27.726198
1220,27.745434
1221,27.759789
1222,26.370676
1223,30.556242
1224,30.563354
1225,30.535843
1226,30.518719
1227,26.802355
1228,24.035831
1229,23.30094
1230,23.882063
1231,26.636957
1232,26.669518
1233,26.690243
1234,32.522633
1235,26.81914
1236,32.513844
1237,32.515255
1238,26.852936
1239,26.770992
1240,26.785007
1241,28.78808
1242,28.782402
1243,31.79638
1244,31.749619
1245,30.386328
1246,30.352144
1247,28.598742
1248,28.570387
1249,28.615683
1250,29.157866
1251,29.216333
1252,30.440512
1253,30.4319
1254,30.403141
1255,31.684319
1256,31.689947
1257,37.449596
1258,37.45402
1259,37.438934
1260,38.39527
1261,37.35724
1262,38.304024
1263,37.25626
1264,32.95191
1265,36.203632
1266,36.16434
1267,32.842045
1268,32.78835
1269,34.360626
1270,34.3757
1271,34.381687
1272,33.636208
1273,34.475117
1274,36.2773
1275,36.325443
1276,36.337715
1277,34.59241
1278,34.58239
1279,34.563522
1280,34.558777
1281,33.75373
1282,33.715225
1283,33.701607
1284,33.69782
1285,33.685528
1286,32.925377
1287,30.241074
1288,30.224365
1289,29.658436
1290,29.685055
1291,29.711401
1292,29.747528
1293,29.764181
1294,27.658068
1295,26.71831
1296,26.715225
1297,27.656424
1298,27.680744
1299,27.703613
1300,27.7165
1301,29.31815
1302,29.312672
1303,29.30831
1304,29.296751
1305,27.716911
1306,27.691303
1307,26.323563
1308,24.727493
1309,24.676004
1310,24.642746
1311,24.624935
1312,24.624537
1313,24.622393
1314,24.617983
1315,24.633184
1316,24.646988
1317,24.666325
1318,24.698097
1319,24.725185
1320,27.29139
1321,27.3283
1322,28.315296
1323,28.830591
1324,28.80326
1325,28.771833
1326,28.74527
1327,28.191837
1328,28.696554
1329,28.683157
1330,28.666595
1331,29.204023
1332,29.192532
1333,28.619385
1334,28.600695
1335,23.964102
1336,23.850529
1337,23.830273
1338,23.836937
1339,27.630178
1340,27.682446
1341,27.701056
1342,27.7095
1343,26.311619
1344,26.295698
1345,21.690645
1346,20.859695
1347,20.781557
1348,21.469204
1349,21.489788
1350,25.051819
1351,26.35442
1352,26.35097
1353,26.340164
1354,25.103962
1355,25.508957
1356,25.142103
1357,25.561207
1358,25.581848
1359,26.011568
1360,26.864384
1361,27.300085
1362,27.746984
1363,27.706491
1364,27.665815
1365,27.66547
1366,27.677126
1367,26.286388
1368,26.275059
1369,26.276901
1370,26.276596
1371,26.261974
1372,26.260105
1373,27.662811
1374,26.260616
1375,26.245321
1376,26.25394
1377,26.271545
1378,26.29026
1379,26.300262
1380,26.309715
1381,27.234945
1382,27.23147
1383,27.21839
1384,27.207682
1385,27.19915
1386,27.203888
1387,27.201626
1388,27.219114
1389,27.223116
1390,27.22426
1391,27.217882
1392,25.459536
1393,25.41882
1394,25.41397
1395,25.405901
1396,25.415333
1397,24.642548
1398,24.63651
1399,25.434893
1400,25.461376
1401,25.468794
1402,25.481434
1403,25.489714
1404,25.915974
1405,25.920773
1406,25.92939
1407,25.91389
1408,25.909718
1409,26.336424
1410,26.334513
1411,26.781727
1412,26.773567
1413,26.761826
1414,26.754122
1415,26.752361
1416,26.747913
1417,26.743975
1418,26.742502
1419,26.743326
1420,26.74082
1421,26.739502
1422,26.736118
1423,26.732462
1424,26.732784
1425,26.731926
1426,26.285711
1427,26.279974
1428,25.849623
1429,25.845402
1430,25.843824
1431,26.281282
1432,25.853537
1433,25.854624
1434,25.857082
1435,26.294436
1436,26.30269
1437,28.245434
1438,28.261131
1439,28.79754
1440,28.798296
1441,29.346977
1442,29.33622
1443,29.318338
1444,29.300251
1445,30.478382
1446,29.282297
1447,30.443985
1448,29.243176
1449,30.405313
1450,30.396471
1451,31.692797
1452,31.697868
1453,31.691456
1454,28.665442
1455,28.626415
1456,26.664274
1457,28.617323
1458,28.637663
1459,30.396463
1460,26.714975
1461,26.658125
1462,26.662643
1463,26.659761
1464,26.672813
1465,26.690458
1466,26.721693
1467,27.224054
1468,27.254349
1469,27.25129
1470,27.24569
1471,27.229925
1472,27.235435
1473,27.239397
1474,27.751495
1475,27.742245
1476,28.776346
1477,28.773394
1478,28.759218
1479,28.745325
1480,28.208502
1481,28.19386
1482,27.67955
1483,28.177969
1484,28.71031
1485,29.266468
1486,29.266434
1487,29.262478
1488,29.253359
1489,29.249594
1490,29.820324
1491,29.823837
1492,29.818537
1493,29.818167
1494,29.81009
1495,29.805857
1496,31.7077
1497,31.70673
1498,29.782368
1499,29.182806
1500,29.170889
1501,21.695765
1502,19.417524
1503,19.048077
1504,18.82758
1505,17.757053
1506,17.574305
1507,18.5341
1508,18.541784
1509,18.563742
1510,22.272215
1511,22.398396
1512,22.480082
1513,23.162748
1514,23.215197
1515,22.644918
1516,23.197485
1517,23.806534
1518,23.755177
1519,23.05338
1520,23.630575
1521,22.937948
1522,22.896578
1523,23.517826
1524,23.507431
1525,24.621109
1526,26.781548
1527,26.814823
1528,26.824741
1529,27.303284
1530,27.294113
1531,27.27762
1532,27.267355
1533,27.255718
1534,27.23295
1535,27.213997
1536,27.18141
1537,27.145521
1538,26.651205
1539,26.618092
1540,25.727135
1541,26.6133
1542,25.760656
1543,25.769705
1544,24.592329
1545,24.594656
1546,24.616503
1547,24.629309
1548,24.644005
1549,24.660719
1550,25.06084
1551,25.065563
1552,25.900967
1553,25.090853
1554,24.694273
1555,24.686558
1556,25.092413
1557,25.096838
1558,25.099438
1559,26.809767
1560,26.831038
1561,29.417212
1562,29.427002
1563,29.409538
1564,28.829636
1565,26.808191
1566,25.890615
1567,25.45112
1568,25.43072
1569,25.414701
1570,24.253235
1571,23.868439
1572,23.847673
1573,24.192553
1574,24.207615
1575,23.862513
1576,23.553036
1577,22.92875
1578,22.95033
1579,22.080715
1580,22.062048
1581,21.511673
1582,21.487299
1583,21.748621
1584,23.607964
1585,25.537971
1586,25.553907
1587,25.54771
1588,25.546688
1589,24.753748
1590,25.532795
1591,25.536722
1592,25.525923
1593,25.514006
1594,25.494572
1595,25.474852
1596,27.23391
1597,25.455635
1598,27.192215
1599,27.21125
1600,27.219591
1601,27.226738
1602,27.227526
1603,27.22601
1604,27.212856
1605,25.447252
1606,25.415344
1607,25.405277
1608,27.676798
1609,28.205149
1610,28.201464
1611,27.697037
1612,27.680273
1613,26.282206
1614,25.423677
1615,25.411446
1616,25.411085
1617,25.418562
1618,24.274143
1619,22.339285
1620,24.219069
1621,22.017242
1622,21.96124
1623,21.966215
1624,21.986223
1625,20.291805
1626,18.646524
1627,20.200504
1628,20.217941
1629,20.222118
1630,20.235605
1631,20.243898
1632,22.35984
1633,26.534918
1634,29.085812
1635,29.079031
1636,31.471796
1637,31.435152
1638,28.97761
1639,26.90961
1640,26.821548
1641,26.752512
1642,26.269451
1643,26.220552
1644,26.628723
1645,26.601826
1646,26.579275
1647,26.112747
1648,25.703337
1649,25.74006
1650,23.530924
1651,23.537498
1652,23.574667
1653,23.589321
1654,23.592033
1655,24.67182
1656,25.481676
1657,25.074469
1658,24.685022
1659,23.601648
1660,24.662296
1661,24.683588
1662,24.696619
1663,24.701548
1664,25.098072
1665,25.087421
1666,24.693705
1667,24.67808
1668,25.05505
1669,25.053638
1670,25.479965
1671,25.095083
1672,25.100292
1673,25.10392
1674,25.09369
1675,24.326063
1676,24.30501
1677,24.292145
1678,24.28564
1679,24.287909
1680,24.294622
1681,24.286745
1682,24.293278
1683,23.941624
1684,24.295824
1685,24.30913
1686,25.082037
1687,26.36251
1688,26.36856
1689,26.366632
1690,26.354183
1691,27.27454
1692,26.347029
1693,26.325514
1694,25.884865
1695,25.869877
1696,25.859308
1697,24.284634
1698,24.999813
1699,24.247234
1700,24.225664
1701,23.52894
1702,23.195406
1703,23.532507
1704,23.549206
1705,23.56442
1706,24.297997
1707,25.09059
1708,25.115118
1709,27.331688
1710,28.3684
1711,29.47371
1712,29.449802
1713,29.428154
1714,29.395592
1715,29.950682
1716,29.920265
1717,29.883133
1718,29.851957
1719,29.818272
1720,29.790901
1721,30.376837
1722,28.626799
1723,27.56133
1724,28.594612
1725,27.584213
1726,27.596615
1727,27.613234
1728,28.674625
1729,28.697357
1730,27.668114
1731,26.26952
1732,25.82525
1733,25.018478
1734,25.01403
1735,23.916786
1736,23.913303
1737,25.02503
1738,25.861517
1739,25.883451
1740,25.888868
1741,25.47499
1742,25.478737
1743,25.098372
1744,25.512583
1745,25.948393
1746,25.956636
1747,25.953905
1748,26.375614
1749,25.935251
1750,26.33779
1751,26.322714
1752,25.879423
1753,26.306263
1754,27.236895
1755,27.248316
1756,27.247255
1757,27.239618
1758,27.229828
1759,27.224508
1760,27.217436
1761,27.20987
1762,27.204325
1763,27.20255
1764,27.195004
1765,27.190748
1766,25.431812
1767,27.164572
1768,25.417303
1769,23.252998
1770,25.368341
1771,23.234526
1772,23.19733
1773,22.881542
1774,22.576044
1775,22.578238
1776,22.89761
1777,26.33936
1778,26.385637
1779,26.400915
1780,26.41477
1781,26.857283
1782,26.873539
1783,32.005264
1784,31.977423
1785,31.939445
1786,33.33753
1787,33.284763
1788,33.220203
1789,33.16158
1790,31.669643
1791,31.610514
1792,33.047077
1793,33.0363
1794,33.014782
1795,32.99205
1796,32.971596
1797,30.231827
1798,27.042198
1799,28.499353
1800,28.534607
1801,27.062597
1802,27.555824
1803,27.584938
1804,27.606916
1805,27.621561
1806,27.14481
1807,27.158495
1808,27.186932
1809,27.70037
1810,27.734646
1811,28.805542
1812,28.814917
1813,28.791754
1814,28.789293
1815,27.740385
1816,27.709787
1817,26.756207
1818,26.287735
1819,26.276134
1820,26.276215
1821,26.27903
1822,23.637217
1823,22.949146
1824,22.329758
1825,22.301407
1826,22.303265
1827,22.307705
1828,22.320654
1829,22.952642
1830,22.984808
1831,22.99468
1832,24.004066
1833,24.769526
1834,24.777678
1835,25.175146
1836,25.178972
1837,25.15399
1838,25.953617
1839,25.940924
1840,25.909273
1841,25.891611
1842,26.308548
1843,25.861008
1844,25.840237
1845,25.83357
1846,25.825727
1847,25.823753
1848,24.637167
1849,23.904043
1850,23.887526
1851,23.885384
1852,23.887165
1853,24.619627
1854,24.642504
1855,24.652166
1856,24.657383
1857,24.670439
1858,26.325739
1859,24.705206
1860,24.684113
1861,26.795574
1862,26.818161
1863,26.811913
1864,32.663567
1865,33.389027
1866,33.338608
1867,33.290497
1868,33.246746
1869,27.746416
1870,35.660286
1871,35.629753
1872,29.821505
1873,27.600363
1874,29.678808
1875,35.50645
1876,29.72571
1877,29.634571
1878,29.62089
1879,27.514757
1880,27.536528
1881,25.353983
1882,23.876104
1883,23.868427
1884,25.332588
1885,25.41478
1886,23.957247
1887,23.929878
1888,23.90059
1889,23.918123
1890,23.977009
1891,25.10266
1892,25.15007
1893,25.580803
1894,25.582651
1895,25.580101
1896,25.56492
1897,28.342707
1898,28.331257
1899,28.856924
1900,28.85422
1901,28.830475
1902,28.805582
1903,28.781002
1904,28.757498
1905,28.735435
1906,28.72284
1907,28.696695
1908,29.244051
1909,29.227034
1910,29.213274
1911,29.775076
1912,29.201048
1913,28.656326
1914,28.6619
1915,28.65816
1916,29.222685
1917,29.809456
1918,29.79773
1919,29.785976
1920,29.797922
1921,29.787016
1922,29.776382
1923,29.20026
1924,29.779202
1925,29.778902
1926,31.713137
1927,31.713905
1928,31.709536
1929,29.214212
1930,29.190058
1931,25.44005
1932,25.3586
1933,24.23983
1934,24.206738
1935,24.211609
1936,24.222647
1937,24.236317
1938,24.243317
1939,24.256191
1940,25.44119
1941,24.337194
1942,25.523735
1943,25.578575
1944,25.593662
1945,26.462286
1946,28.385395
1947,28.377825
1948,30.021164
1949,29.994322
1950,29.950735
1951,28.247961
1952,28.19847
1953,29.843029
1954,29.8317
1955,29.826672
1956,29.801718
1957,29.79244
1958,29.77364
1959,29.17831
1960,29.161407
1961,27.59303
1962,27.579449
1963,27.119816
1964,26.668577
1965,27.625881
1966,29.229008
1967,27.644705
1968,27.634474
1969,29.232742
1970,29.253298
1971,29.25888
1972,29.269314
1973,29.27537
1974,29.277634
1975,29.28242
1976,29.272255
1977,27.674055
1978,29.232626
1979,29.229843
1980,28.142626
1981,28.13389
1982,28.131395
1983,28.128733
1984,28.149137
1985,28.159458
1986,28.174473
1987,27.189775
1988,28.189466
1989,25.470211
1990,28.182795
1991,29.889616
1992,29.895897
1993,29.89518
1994,30.501434
1995,30.490738
1996,29.868631
1997,29.844397
1998,29.835526
1999,29.241411
2000,29.235716
2001,24.72142
2002,29.18358
2003,26.242764
2004,29.171291
2005,26.225979
2006,26.20229
2007,26.214977
2008,26.233429
2009,25.420916
2010,26.271105
2011,26.29104
2012,29.347483
2013,29.375051
2014,30.262594
2015,31.207037
2016,32.540344
2017,33.274338
2018,32.492443
2019,32.472572
2020,31.067873
2021,32.39698
2022,31.011435
2023,30.959911
2024,31.596073
2025,31.575644
2026,31.554903
2027,30.890858
2028,30.892014
2029,30.908756
2030,30.927374
2031,30.32591
2032,29.743624
2033,29.758366
2034,29.773966
2035,27.628582
2036,27.605936
2037,29.768427
2038,30.393711
2039,30.395395
2040,30.40902
2041,30.410213
2042,27.669144
2043,32.42843
2044,32.44957
2045,32.435802
2046,32.437386
2047,32.417526
2048,32.41109
2049,29.80366
2050,29.75185
2051,29.722376
2052,29.730705
2053,29.161226
2054,29.163626
2055,26.239845
2056,29.153519
2057,25.788897
2058,24.970814
2059,24.96221
2060,24.256979
2061,24.995783
2062,25.862894
2063,25.893282
2064,25.906713
2065,25.102512
2066,25.103548
2067,25.103926
2068,25.92998
2069,25.945341
2070,26.813892
2071,25.954866
2072,26.805082
2073,27.75254
2074,26.792875
2075,26.75991
2076,28.21559
2077,25.494919
2078,25.446009
2079,25.437872
2080,25.424051
2081,24.650602
2082,24.628536
2083,24.633837
2084,24.630026
2085,24.634825
2086,24.637423
2087,24.642927
2088,24.653597
2089,25.875914
2090,26.341045
2091,25.930017
2092,25.915497
2093,26.342165
2094,26.790247
2095,26.78489
2096,26.769033
2097,27.227257
2098,27.712212
2099,27.707142
2100,27.690742
2101,27.684105
2102,27.669367
2103,28.174118
2104,28.17506
2105,25.442947
2106,26.239677
2107,28.159735
2108,26.272573
2109,26.251184
2110,26.70041
2111,28.182512
2112,26.739555
2113,26.272999
2114,26.278605
2115,26.274008
2116,26.286932
2117,26.288376
2118,26.299368
2119,26.312038
2120,26.297466
2121,26.290766
2122,25.872595
2123,26.292356
2124,25.859852
2125,25.862894
2126,25.882757
2127,26.308615
2128,28.258057
2129,28.272312
2130,26.344576
2131,25.880583
2132,24.320913
2133,24.284092
2134,24.273695
2135,28.236439
2136,28.270233
2137,28.800661
2138,28.265928
2139,28.243155
2140,28.230858
2141,24.022243
2142,23.917963
2143,22.360374
2144,22.31853
2145,23.886717
2146,23.901098
2147,23.890886
2148,23.87436
2149,23.866768
2150,23.89992
2151,23.918474
2152,23.954556
2153,23.98788
2154,24.019737
2155,24.038546
2156,24.759756
2157,24.758434
2158,25.518364
2159,25.502422
2160,26.803316
2161,25.49908
2162,26.781527
2163,28.2715
2164,27.76389
2165,26.789839
2166,27.731495
2167,27.73011
2168,27.712074
2169,29.30554
2170,29.2959
2171,27.683779
2172,27.651073
2173,27.654144
2174,26.693253
2175,27.645334
2176,27.641281
2177,27.641872
2178,26.699163
2179,31.112423
2180,29.862743
2181,27.675268
2182,28.155003
2183,28.157513
2184,27.666407
2185,28.192135
2186,28.19156
2187,27.680885
2188,27.673222
2189,28.173943
2190,27.657753
2191,25.420273
2192,24.248575
2193,25.351961
2194,25.399748
2195,24.281
2196,24.26452
2197,23.921616
2198,24.290718
2199,25.45707
2200,25.490187
2201,25.506128
2202,25.517084
2203,26.836838
2204,26.864672
2205,27.34098
2206,27.32918
2207,27.302767
2208,26.82109
2209,26.800896
2210,26.775408
2211,26.747904
2212,26.732002
2213,26.71858
2214,26.26362
2215,26.261219
2216,26.711992
2217,26.262053
2218,26.269537
2219,26.276606
2220,26.283466
2221,26.741753
2222,26.757095
2223,26.75427
2224,26.302902
2225,26.751253
2226,26.751923
2227,26.29586
2228,26.739462
2229,26.741978
2230,27.201221
2231,26.739813
2232,26.734133
2233,26.728508
2234,26.275026
2235,26.275648
2236,25.84479
2237,25.846489
2238,25.849638
2239,25.853006
2240,25.443375
2241,24.293392
2242,25.425337
2243,24.29268
2244,24.275581
2245,24.284208
2246,24.290977
2247,24.297565
2248,24.303846
2249,25.071507
2250,24.328241
2251,25.081238
2252,25.096123
2253,25.096945
2254,25.101055
2255,25.50443
2256,26.356728
2257,26.366858
2258,27.28254
2259,27.281368
2260,27.264395
2261,25.09582
2262,27.216879
2263,28.772985
2264,28.777792
2265,29.321356
2266,30.513502
2267,30.502008
2268,30.481123
2269,30.45607
2270,30.434896
2271,28.68503
2272,30.401508
2273,30.40935
2274,30.398338
2275,30.38797
2276,30.355267
2277,30.345327
2278,30.346767
2279,30.34429
2280,30.350782
2281,27.135538
2282,28.617926
2283,27.124659
2284,27.120445
2285,27.134243
2286,28.126118
2287,28.151634
2288,28.167015
2289,28.177784
2290,28.719318
2291,28.203062
2292,28.213211
2293,28.22373
2294,28.238935
2295,28.251637
2296,28.230347
2297,28.227642
2298,29.299479
2299,29.288025
2300,28.192265
2301,28.180351
2302,29.268616
2303,25.103249
2304,25.019938
2305,22.691938
2306,24.976772
2307,25.00544
2308,27.198265
2309,27.230547
2310,27.235619
2311,26.770493
2312,26.773844
2313,26.783976
2314,26.799486
2315,26.807453
2316,27.28785
2317,27.298721
2318,28.807081
2319,29.925922
2320,34.054222
2321,29.891872
2322,29.81025
2323,29.803291
2324,32.425964
2325,29.82417
2326,29.786175
2327,29.77238
2328,31.680637
2329,31.67291
2330,31.65356
2331,29.72692
2332,29.12505
2333,29.1138
2334,29.12501
2335,29.172283
2336,29.178577
2337,24.346912
2338,23.25801
2339,23.208883
2340,24.182915
2341,25.759007
2342,25.800709
2343,24.26828
2344,23.260536
2345,23.270645
2346,23.278818
2347,23.283665
2348,25.943316
2349,25.992744
2350,23.419556
2351,26.002602
2352,25.993208
2353,25.957651
2354,25.934828
2355,25.919008
2356,25.921421
2357,27.783842
2358,28.849277
2359,28.821922
2360,28.794325
2361,30.519627
2362,28.761389
2363,27.695303
2364,25.870995
2365,26.22758
2366,26.238367
2367,26.22885
2368,26.22096
2369,26.216124
2370,25.79486
2371,25.775648
2372,25.370148
2373,24.603233
2374,24.60509
2375,24.613926
2376,24.658636
2377,25.055298
2378,25.079916
2379,25.071432
2380,24.6901
2381,24.30211
2382,24.302776
2383,25.049479
2384,24.310316
2385,24.302425
2386,24.31345
2387,24.312256
2388,25.07373
2389,25.07546
2390,25.898413
2391,25.913866
2392,23.993109
2393,25.893091
2394,25.921282
2395,26.809778
2396,26.813822
2397,25.920242
2398,25.910166
2399,25.892355
2400,25.876556
2401,25.865717
2402,25.844963
2403,25.846169
2404,23.93064
2405,23.899086
2406,25.411997
2407,23.909233
2408,23.890236
2409,23.89572
2410,23.90776
2411,21.779884
2412,21.725376
2413,21.713139
2414,23.551054
2415,23.943375
2416,23.96344
2417,23.628443
2418,23.637276
2419,23.977877
2420,23.9746
2421,23.987415
2422,23.982416
2423,23.98219
2424,23.639225
2425,23.630013
2426,23.949795
2427,23.937725
2428,23.923553
2429,23.580025
2430,23.576443
2431,23.931845
2432,25.069515
2433,25.08846
2434,25.089676
2435,25.091816
2436,26.361507
2437,26.370588
2438,26.360495
2439,26.350237
2440,26.338116
2441,26.327747
2442,25.061369
2443,25.033966
2444,25.017408
2445,25.007946
2446,25.001337
2447,25.00065
2448,26.267876
2449,25.42963
2450,25.417719
2451,25.435032
2452,25.450092
2453,25.464865
2454,25.891733
2455,25.487587
2456,25.487732
2457,25.47521
2458,25.890583
2459,26.779758
2460,25.891737
2461,25.455902
2462,25.445019
2463,25.449524
2464,25.449347
2465,25.86817
2466,25.06025
2467,25.870928
2468,25.062162
2469,24.667732
2470,25.049131
2471,25.87654
2472,25.890406
2473,25.073215
2474,24.687508
2475,25.068766
2476,24.68369
2477,24.67606
2478,24.673616
2479,24.672625
2480,24.674408
2481,23.94202
2482,23.933643
2483,24.663086
2484,25.467466
2485,24.68815
2486,24.689083
2487,25.488773
2488,25.498852
2489,25.495369
2490,25.915245
2491,26.348043
2492,26.3495
2493,26.34398
2494,26.338533
2495,26.326168
2496,26.313437
2497,26.302097
2498,25.862411
2499,25.854895
2500,25.848562
2501,25.428572
2502,25.022947
2503,23.569801
2504,23.537424
2505,23.207056
2506,23.207447
2507,22.890282
2508,23.214897
2509,22.9115
2510,22.60587
2511,22.60755
2512,22.316895
2513,22.317093
2514,22.327572
2515,22.337015
2516,22.343512
2517,22.353205
2518,22.344906
2519,22.338753
2520,22.33338
2521,22.333494
2522,22.328772
2523,22.332293
2524,22.329962
2525,22.328613
2526,22.326635
2527,22.325682
2528,22.938192
2529,22.949736
2530,23.27841
2531,23.280231
2532,24.712385
2533,24.729336
2534,24.724382
2535,27.832586
2536,26.868465
2537,26.384714
2538,26.815628
2539,27.770718
2540,27.75843
2541,27.732773
2542,27.711119
2543,27.691935
2544,26.714882
2545,26.689207
2546,26.670877
2547,26.6702
2548,26.667694
2549,26.214413
2550,23.891745
2551,23.514591
2552,23.171026
2553,22.542793
2554,22.543312
2555,22.549932
2556,23.199492
2557,23.233221
2558,23.590536
2559,23.603783
2560,23.281908
2561,22.96718
2562,22.66289
2563,22.66959
2564,22.68155
2565,22.37017
2566,22.355406
2567,22.641264
2568,22.333921
2569,22.318161
2570,22.31238
2571,22.314125
2572,22.31723
2573,22.327429
2574,22.335312
2575,22.340452
2576,22.340841
2577,22.341007
2578,22.341698
2579,22.639566
2580,22.63601
2581,22.633163
2582,22.633537
2583,22.62419
2584,22.620033
2585,22.62153
2586,22.614668
2587,22.60989
2588,22.605726
2589,22.600393
2590,22.59475
2591,22.595474
2592,22.594889
2593,22.596733
2594,22.59845
2595,22.60366
2596,22.602915
2597,22.603918
2598,22.604807
2599,22.603758
2600,22.601444
2601,22.603806
2602,22.299585
2603,22.293339
2604,22.002645
2605,22.288904
2606,22.294304
2607,22.005085
2608,21.999506
2609,22.001081
2610,22.00209
2611,22.001854
2612,22.002789
2613,22.005274
2614,22.007814
2615,22.010271
2616,22.013819
2617,22.612972
2618,23.291971
2619,23.975842
2620,25.9769
2621,27.382578
2622,27.378002
2623,30.09109
2624,30.69426
2625,30.656342
2626,30.613493
2627,29.958221
2628,29.913595
2629,29.8755
2630,29.837822
2631,29.799997
2632,29.767435
2633,29.743082
2634,30.333601
2635,29.723967
2636,30.33667
2637,30.34492
2638,30.37127
2639,30.396284
2640,29.223818
2641,29.226622
2642,29.816711
2643,29.82348
2644,29.821123
2645,29.237757
2646,27.642124
2647,27.619793
2648,27.134604
2649,27.137249
2650,27.14336
2651,27.161829
2652,27.178753
2653,27.19651
2654,26.745495
2655,26.746412
2656,27.226215
2657,27.24905
2658,27.757984
2659,27.779282
2660,27.785213
2661,27.777964
2662,28.812325
2663,28.80495
2664,28.787592
2665,28.770784
2666,27.719782
2667,25.881826
2668,25.43063
2669,25.409126
2670,25.8151
2671,25.408167
2672,25.011972
2673,25.014555
2674,25.019178
2675,25.026155
2676,25.033327
2677,25.049963
2678,25.069868
2679,25.088861
2680,25.925772
2681,25.943449
2682,27.785254
2683,28.29901
2684,29.379358
2685,29.367302
2686,29.343395
2687,29.320532
2688,29.299435
2689,29.278992
2690,29.259457
2691,29.242
2692,29.807493
2693,29.212643
2694,25.823053
2695,25.74871
2696,25.32047
2697,24.925383
2698,24.927498
2699,24.952702
2700,24.977001
2701,25.000668
2702,25.019926
2703,25.437408
2704,25.874617
2705,25.901165
2706,25.917055
2707,25.522919
2708,25.134193
2709,25.110743
2710,24.712297
2711,24.693233
2712,24.678524
2713,24.295988
2714,24.285488
2715,23.580719
2716,23.562325
2717,23.560837
2718,23.570324
2719,23.582476
2720,23.601852
2721,23.617722
2722,23.629688
2723,24.338799
2724,24.349852
2725,24.346987
2726,24.350157
2727,25.110443
2728,25.942741
2729,25.945398
2730,25.931473
2731,25.915503
2732,25.899403
2733,25.885979
2734,25.874468
2735,25.866144
2736,25.857355
2737,25.431213
2738,23.583357
2739,23.539598
2740,23.526838
2741,23.519741
2742,23.528683
2743,23.206871
2744,23.543823
2745,23.22876
2746,23.564365
2747,23.578815
2748,23.591078
2749,23.606852
2750,23.28472
2751,22.968845
2752,19.794746
2753,19.659565
2754,19.594418
2755,21.39032
2756,21.421398
2757,22.589846
2758,22.935646
2759,22.637701
2760,22.952547
2761,22.969355
2762,22.978758
2763,22.99475
2764,25.17016
2765,27.430006
2766,27.435675
2767,32.802975
2768,32.739597
2769,32.651756
2770,33.337246
2771,33.276043
2772,33.230343
2773,33.186993
2774,33.138214
2775,33.092457
2776,28.613203
2777,27.497507
2778,27.433365
2779,27.920897
2780,27.935255
2781,28.475258
2782,28.00593
2783,27.539972
2784,27.578255
2785,27.133682
2786,27.170444
2787,27.204908
2788,26.765804
2789,26.79159
2790,26.809284
2791,26.78792
2792,26.768911
2793,26.756956
2794,26.302555
2795,26.296486
2796,25.873878
2797,26.308971
2798,25.880926
2799,26.31222
2800,25.893759
2801,25.480469
2802,25.08307
2803,25.085894
2804,25.08947
2805,25.497437
2806,25.103933
2807,25.505053
2808,25.51015
2809,25.92661
2810,25.925764
2811,25.919535
2812,25.909237
2813,25.905033
2814,25.897951
2815,25.890602
2816,25.881432
2817,25.883545
2818,25.873487
2819,21.176548
2820,19.807926
2821,19.668247
2822,19.58728
2823,19.539593
2824,19.51757
2825,19.51817
2826,19.518808
2827,19.53219
2828,19.95729
2829,20.430815
2830,22.978544
2831,23.383501
2832,23.762379
2833,23.796318
2834,24.116539
2835,24.448124
2836,24.415352
2837,24.021772
2838,23.98017
2839,23.609203
2840,23.57773
2841,23.893465
2842,23.879278
2843,23.868786
2844,23.51309
2845,23.872343
2846,24.254124
2847,25.044605
2848,25.471643
2849,26.810617
2850,28.322136
2851,28.331947
2852,28.855742
2853,28.83892
2854,28.806704
2855,28.24334
2856,28.209457
2857,28.717058
2858,28.161537
2859,28.133837
2860,27.122013
2861,27.098593
2862,27.092941
2863,26.627167
2864,26.636408
2865,26.209938
2866,26.226736
2867,25.823408
2868,26.277328
2869,25.863916
2870,25.453005
2871,25.454721
2872,24.310202
2873,25.457254
2874,24.322361
2875,24.30132
2876,23.947409
2877,23.939613
2878,24.303347
2879,24.31263
2880,23.960875
2881,23.959522
2882,23.960941
2883,23.62651
2884,23.623747
2885,23.627268
2886,23.63328
2887,22.975048
2888,22.662659
2889,22.645079
2890,22.63941
2891,22.629326
2892,22.627602
2893,22.627113
2894,22.629288
2895,22.63091
2896,22.6328
2897,22.634718
2898,23.961416
2899,23.98487
2900,23.98921
2901,23.99018
2902,24.346441
2903,25.110783
2904,25.517138
2905,25.509253
2906,25.498348
2907,25.486559
2908,25.07267
2909,25.05189
2910,25.037611
2911,25.02706
2912,25.016102
2913,25.018492
2914,24.63221
2915,24.25542
2916,24.6193
2917,25.016293
2918,25.028662
2919,25.042204
2920,25.052736
2921,25.0596
2922,25.063736
2923,25.064531
2924,25.062815
2925,25.062624
2926,25.06272
2927,25.061111
2928,25.061907
2929,25.885056
2930,25.88491
2931,25.886528
2932,25.88556
2933,25.887232
2934,25.46819
2935,25.463701
2936,25.882715
2937,25.88717
2938,25.887228
2939,26.321955
2940,26.778507
2941,27.253567
2942,27.252651
2943,27.244005
2944,27.736187
2945,27.736698
2946,27.240612
2947,27.22957
2948,27.225142
2949,27.214481
2950,27.205374
2951,27.19991
2952,26.722542
2953,26.710096
2954,26.710093
2955,25.830984
2956,25.826279
2957,25.017883
2958,24.260952
2959,24.255907
2960,24.263294
2961,23.240717
2962,23.225721
2963,23.230145
2964,23.236727
2965,22.925598
2966,22.933615
2967,22.94152
2968,23.275068
2969,24.344982
2970,24.366417
2971,24.373596
2972,25.548792
2973,25.554684
2974,25.969025
2975,25.967796
2976,27.817486
2977,27.814072
2978,25.53717
2979,27.757051
2980,27.752474
2981,28.24564
2982,28.229902
2983,28.206913
2984,27.684614
2985,27.179115
2986,27.160933
2987,27.158356
2988,26.685305
2989,26.684187
2990,26.681597
2991,26.698614
2992,26.705946
2993,26.694227
2994,26.706171
2995,26.71262
2996,26.722736
2997,26.733086
2998,25.864235
2999,25.854952
3000,25.852879
3001,24.295279
3002,25.423388
3003,25.853132
3004,25.861828
3005,26.756868
3006,26.772573
3007,26.776125
3008,25.893072
3009,26.773937
3010,27.261972
3011,26.79678
3012,26.799215
3013,26.789228
3014,26.783781
3015,26.776382
3016,26.752045
3017,27.213135
3018,27.214582
3019,26.74405
3020,26.288956
3021,25.44117
3022,25.431644
3023,25.420282
3024,25.424215
3025,25.434677
3026,25.440226
3027,25.043491
3028,25.040138
3029,25.045336
3030,23.596947
3031,25.032078
3032,23.609303
3033,23.266146
3034,22.345293
3035,22.320707
3036,22.305262
3037,23.23107
3038,22.032421
3039,23.237648
3040,23.2632
3041,23.279573
3042,23.286322
3043,23.297604
3044,23.30499
3045,23.637896
3046,23.653345
3047,23.650301
3048,23.641758
3049,24.338503
3050,24.333422
3051,24.693052
3052,24.69875
3053,24.685144
3054,24.68278
3055,24.682972
3056,25.47457
3057,25.477728
3058,25.474384
3059,25.467363
3060,24.67316
3061,24.654932
3062,24.64978
3063,25.0283
3064,25.0349
3065,25.035418
3066,25.037941
3067,25.039581
3068,24.651197
3069,24.643995
3070,24.642553
3071,24.649633
3072,24.654274
3073,24.661562
3074,24.668598
3075,24.296766
3076,23.928814
3077,23.922272
3078,23.247059
3079,23.23625
3080,23.235945
3081,22.919174
3082,22.020996
3083,22.002241
3084,21.996574
3085,21.998898
3086,22.003565
3087,23.592009
3088,22.05525
3089,21.496984
3090,21.47749
3091,21.475876
3092,21.476625
3093,22.946487
3094,22.971073
3095,22.980965
3096,23.645502
3097,23.64728
3098,23.63402
3099,23.62803
3100,23.619354
3101,23.279156
3102,23.283949
3103,24.326763
3104,24.325542
3105,25.919493
3106,25.922123
3107,25.90349
3108,25.900984
3109,25.89748
3110,24.309387
3111,24.279404
3112,24.27461
3113,24.269184
3114,24.264967
3115,24.263433
3116,24.252903
3117,24.244982
3118,23.207632
3119,23.18632
3120,23.197298
3121,23.21534
3122,22.908987
3123,23.244255
3124,22.33286
3125,23.587622
3126,23.604033
3127,23.60795
3128,23.6046
3129,23.608055
3130,23.614567
3131,21.790257
3132,23.592115
3133,25.51981
3134,24.359713
3135,23.630848
3136,23.279217
3137,23.599186
3138,23.596375
3139,23.586851
3140,23.588099
3141,23.589588
3142,24.312647
3143,23.616919
3144,23.60186
3145,24.315392
3146,24.303818
3147,24.30598
3148,24.319609
3149,23.613646
3150,24.305637
3151,24.312656
3152,24.309832
3153,24.301361
3154,24.300955
3155,24.302061
3156,24.29388
3157,24.295412
3158,24.29216
3159,24.287876
3160,24.289549
3161,24.294666
3162,24.294693
3163,24.303316
3164,24.296255
3165,24.297018
3166,22.940454
3167,22.915197
3168,27.78926
3169,27.82058
3170,28.330788
3171,28.324594
3172,27.795345
3173,31.940786
3174,27.811771
3175,31.88135
3176,31.867428
3177,22.732016
3178,22.386602
3179,28.142666
3180,28.16059
3181,28.134693
3182,28.11233
3183,28.139313
3184,28.143236
3185,24.654196
3186,28.154444
3187,28.186012
3188,24.716715
3189,22.401964
3190,24.659267
3191,24.713575
3192,20.871473
3193,19.678577
3194,18.359488
3195,17.020039
3196,16.789396
3197,16.359009
3198,16.243988
3199,16.166912
3200,16.116737
3201,16.464714
3202,16.924597
3203,18.04793
3204,20.737312
3205,18.258232
3206,18.240284
3207,20.809505
3208,22.524424
3209,22.848969
3210,22.807232
3211,23.415462
3212,26.07671
3213,23.398556
3214,23.296915
3215,23.247444
3216,22.283665
3217,25.854298
3218,25.884693
3219,28.300255
3220,28.287807
3221,28.258371
3222,28.239527
3223,28.215214
3224,28.201893
3225,28.203848
3226,28.733154
3227,28.186178
3228,28.15988
3229,22.70813
3230,28.07102
3231,28.620457
3232,28.089384
3233,28.09184
3234,28.115088
3235,22.6668
3236,22.843044
3237,28.172853
3238,28.222456
3239,28.244709
3240,27.262745
3241,27.25916
3242,27.268831
3243,27.265987
3244,27.214249
3245,25.059246
3246,22.9836
3247,22.93962
3248,22.328707
3249,22.32083
3250,22.87196
3251,24.991814
3252,25.054543
3253,22.360487
3254,21.76339
3255,18.615738
3256,18.458637
3257,17.613604
3258,18.30923
3259,18.317144
3260,19.756302
3261,22.362558
3262,22.3975
3263,22.083277
3264,22.080574
3265,21.004951
3266,21.012146
3267,21.038937
3268,21.045612
3269,21.04256
3270,21.015404
3271,19.852219
3272,19.760454
3273,16.92642
3274,19.59952
3275,16.719837
3276,16.584978
3277,16.53078
3278,16.484343
3279,15.494136
3280,15.405123
3281,15.305126
3282,15.2518835
3283,15.215033
3284,16.200989
3285,16.240534
3286,16.280666
3287,16.294365
3288,16.945143
3289,17.003544
3290,17.684885
3291,17.704699
3292,17.693642
3293,17.688992
3294,20.119625
3295,20.154839
3296,21.434608
3297,21.449928
3298,21.722525
3299,22.023676
3300,22.023796
3301,22.940323
3302,23.973455
3303,23.975782
3304,23.960878
3305,23.586744
3306,23.5604
3307,23.89233
3308,23.872166
3309,23.87027
3310,23.868279
3311,23.871813
3312,25.023294
3313,25.873718
3314,25.887133
3315,25.874529
3316,26.786407
3317,25.894892
3318,25.886003
3319,25.883987
3320,25.882946
3321,26.776926
3322,27.258915
3323,26.776419
3324,26.768404
3325,27.226053
3326,27.222477
3327,26.747257
3328,25.4387
3329,25.018124
3330,25.024565
3331,22.623957
3332,22.576572
3333,25.013033
3334,25.057842
3335,25.061798
3336,22.642357
3337,22.604792
3338,24.67939
3339,22.653803
3340,22.637552
3341,21.7796
3342,21.773958
3343,24.7424
3344,21.837603
3345,21.773748
3346,21.744656
3347,21.725004
3348,21.205503
3349,21.73133
3350,21.223658
3351,21.74102
3352,21.21754
3353,21.218689
3354,21.74605
3355,21.758732
3356,21.751669
3357,21.744678
3358,21.765196
3359,21.764954
3360,20.504324
3361,20.461126
3362,21.718021
3363,22.01576
3364,22.027882
3365,22.022358
3366,22.017252
3367,22.008669
3368,21.72719
3369,20.030191
3370,19.974773
3371,21.965395
3372,22.006859
3373,22.935993
3374,22.950315
3375,22.935913
3376,24.322664
3377,24.337654
3378,23.971815
3379,22.954718
3380,22.940739
3381,22.936972
3382,22.92661
3383,22.919949
3384,22.893356
3385,22.875671
3386,22.874119
3387,22.557072
3388,22.554409
3389,22.558422
3390,22.568253
3391,22.281145
3392,22.59865
3393,22.317562
3394,22.608347
3395,22.3162
3396,21.468065
3397,21.439266
3398,22.28032
3399,22.601265
3400,22.609686
3401,22.319305
3402,20.958254
3403,20.921164
3404,22.280075
3405,22.304758
3406,22.611706
3407,22.319464
3408,22.621922
3409,22.63398
3410,22.634596
3411,22.63046
3412,22.317215
3413,21.742203
3414,21.736284
3415,22.307268
3416,22.61929
3417,22.610512
3418,22.596758
3419,22.598827
3420,22.603403
3421,21.729628
3422,21.709814
3423,21.714706
3424,21.714836
3425,21.716978
3426,22.002424
3427,22.005253
3428,21.44783
3429,20.917992
3430,19.777084
3431,19.733938
3432,19.323895
3433,19.303783
3434,19.301788
3435,19.30195
3436,20.866447
3437,20.65327
3438,20.661573
3439,20.667591
3440,20.921944
3441,20.941456
3442,20.95304
3443,20.711342
3444,20.956087
3445,20.94683
3446,20.691057
3447,20.914282
3448,21.15954
3449,21.148909
3450,21.141476
3451,21.688961
3452,22.594723
3453,22.616316
3454,22.622738
3455,22.62716
3456,22.324352
3457,22.62329
3458,22.938452
3459,27.375763
3460,27.389074
3461,27.362692
3462,28.359297
3463,27.3214
3464,28.297922
3465,27.26567
3466,27.232672
3467,25.049002
3468,24.996042
3469,27.17415
3470,27.176815
3471,29.280186
3472,29.275118
3473,25.009499
3474,24.957075
3475,24.96384
3476,24.980743
3477,25.004469
3478,24.637669
3479,24.653776
3480,24.660227
3481,24.670938
3482,25.042206
3483,25.033049
3484,25.04988
3485,25.062
3486,25.096151
3487,25.127977
3488,25.118755
3489,25.113073
3490,25.108932
3491,26.82822
3492,29.447477
3493,29.445261
3494,29.42319
3495,29.394354
3496,28.812157
3497,29.356575
3498,29.344343
3499,28.771
3500,23.723122
3501,23.573479
3502,23.523708
3503,23.482227
3504,24.158426
3505,28.70028
3506,28.738544
3507,26.754835
3508,26.754467
3509,26.780003
3510,26.79536
3511,28.832376
3512,26.855478
3513,26.837276
3514,26.843466
3515,26.799372
3516,26.750292
3517,26.711771
3518,26.678648
3519,26.65718
3520,25.807858
3521,25.826372
3522,25.829292
3523,25.834797
3524,25.038292
3525,25.023718
3526,24.295677
3527,24.294565
3528,24.296993
3529,24.299484
3530,25.892763
3531,25.912361
3532,25.924444
3533,26.363144
3534,26.368673
